Data,TEMP DO AR (º),TEMP MAX (ºC),TEMP MIN (ºC)
2023-10-31,2700,,2200
2023-10-30,2300,,1800
2023-10-30,2400,3100,
2023-10-29,2700,,2000
2023-10-29,2600,2800,
2023-10-28,2400,,2100
2023-10-28,2300,1700,
2023-10-27,2200,,1800
2023-10-27,2100,2500,
2023-10-26,2200,,2000
2023-10-26,2300,2600,
2023-10-25,2400,,2000
2023-10-24,2300,2700,
2023-10-23,2300,,2000
2023-10-23,2300,2400,
2023-10-22,2300,,1800
2023-10-22,2100,2400,
2023-10-21,2200,,1700
2023-10-21,2100,2200,
2023-10-20,2200,,2100
2023-10-20,2200,2300,
2023-10-19,2200,,1900
2023-10-19,2300,2800,
2023-10-18,2300,,1800
2023-10-18,2500,2800,
2023-10-17,2400,,2100
2023-10-17,2600,2800,
2023-10-16,2300,,1800
2023-10-15,2100,,1700
2023-10-15,2000,2300,
2023-10-14,2100,,1800
2023-10-14,2300,2800,
2023-10-13,2400,,1900
2023-10-13,2400,4100,
2023-10-12,2800,,1900
2023-10-11,2300,,1900
2023-10-11,2300,,1900
2023-10-11,2300,2500,
2023-10-10,2400,,2000
2023-10-09,2500,,1700
2023-10-09,2500,2900,
2023-10-08,2400,,2200
2023-10-08,2600,3400,
2023-10-07,2600,,2100
2023-10-06,2300,,1800
2023-10-06,2400,2500,
2023-10-04,2400,,1900
2023-10-04,2300,2100,
2023-10-03,2100,,2000
2023-10-03,2100,2400,
2023-10-02,2200,,1900
2023-10-02,2200,2400,
2023-10-01,2000,,1800
2023-10-01,2300,3500,
2023-09-30,2200,,3100
2023-09-29,2300,,2200
2023-09-29,2100,2300,
2023-09-27,2400,2500,
2023-09-26,2400,2800,
2023-09-25,2400,3100,
2023-09-24,2300,,2100
2023-10-31,2700,,2200
2023-10-30,2300,,1800
2023-10-30,2400,3100,
2023-10-29,2700,,2000
2023-10-29,2600,2800,
2023-10-28,2400,,2100
2023-10-28,2300,1700,
2023-10-27,2200,,1800
2023-10-27,2100,2500,
2023-10-26,2200,,2000
2023-10-26,2300,2600,
2023-10-25,2400,,2000
2023-10-24,2300,2700,
2023-10-23,2300,,2000
2023-10-23,2300,2400,
2023-10-22,2300,,1800
2023-10-22,2100,2400,
2023-10-21,2200,,1700
2023-10-21,2100,2200,
2023-10-20,2200,,2100
2023-10-20,2200,2300,
2023-10-19,2200,,1900
2023-10-19,2300,2800,
2023-10-18,2300,,1800
2023-10-18,2500,2800,
2023-10-17,2400,,2100
2023-10-17,2600,2800,
2023-10-16,2300,,1800
2023-10-15,2100,,1700
2023-10-15,2000,2300,
2023-10-14,2100,,1800
2023-10-14,2300,2800,
2023-10-13,2400,,1900
2023-10-13,2400,4100,
2023-10-12,2800,,1900
2023-10-11,2300,,1900
2023-10-11,2300,,1900
2023-10-11,2300,2500,
2023-10-10,2400,,2000
2023-10-09,2500,,1700
2023-10-09,2500,2900,
2023-10-08,2400,,2200
2023-10-08,2600,3400,
2023-10-07,2600,,2100
2023-10-06,2300,,1800
2023-10-06,2400,2500,
2023-10-04,2400,,1900
2023-10-04,2300,2100,
2023-10-03,2100,,2000
2023-10-03,2100,2400,
2023-10-02,2200,,1900
2023-10-02,2200,2400,
2023-10-01,2000,,1800
2023-10-01,2300,3500,
2023-09-30,2200,,3100
2023-09-29,2300,,2200
2023-09-29,2100,2300,
2023-09-27,2400,2500,
2023-09-26,2400,2800,
2023-09-25,2400,3100,
2023-09-24,2300,,2100
2023-08-18,2300,,1900
2023-08-18,2100,2600,
2023-08-17,2200,,2100
2023-08-17,2100,2500,
2023-08-16,2200,,2100
2023-08-16,2100,2500,
2023-08-15,2000,,2000
2023-08-15,2000,2000,
2023-08-14,2000,,2000
2023-08-14,2200,2500,
2023-08-13,2400,,2200
2023-08-13,2300,2800,
2023-08-12,2300,,2100
2023-08-12,2300,2800,
2023-08-11,2500,,2100
2023-08-11,2300,2800,
2023-08-10,2300,,2100
2023-08-09,2000,2400,
2023-08-09,2000,,1900
2023-08-09,2200,2700,
2023-08-08,2400,,2300
2023-08-08,2100,3500,
2023-08-07,2200,2900,
2023-08-06,2300,,2000
2023-08-06,2400,2900,
2023-08-05,2200,,2100
2023-08-05,2400,3100,
2023-08-04,2500,,2100
2023-08-04,2200,3200,
2023-08-03,2000,,1900
2023-08-02,2200,2800,
2023-08-01,2200,,2000
2023-08-01,2000,2700,
2023-07-31,2100,,1900
2023-07-31,2000,2500,
2023-07-30,2000,,1800
2023-07-30,2000,2400,
2023-07-29,2100,,2000
2023-07-28,2400,3100,
2023-07-27,2400,,2200
2023-07-27,2200,2700,
2023-07-26,2200,,2100
2023-07-26,2100,2900,
2023-07-25,2200,2000,
2023-07-25,2300,3100,
2023-07-24,2200,,2000
2023-07-28,2000,2500,
2023-07-22,2200,,1900
2023-07-22,2100,2600,
2023-07-21,2100,,1900
2023-07-21,2000,2100,
2023-07-20,1900,,1900
2023-07-20,1800,2200,
2023-07-19,2100,,2000
2023-07-18,2300,2700,
2023-07-17,2300,,1900
2023-07-17,2100,3000,
2023-07-16,2000,,1800
2023-07-16,2000,2800,
2023-07-15,2100,,1800
2023-07-15,2000,2500,
2023-07-14,2100,,2000
2023-07-13,2300,2800,
2023-07-12,2300,,2200
2023-07-12,2300,2700,
2023-07-11,2300,,2100
2023-07-11,2200,2600,
2023-07-10,2100,,2000
2023-07-10,2200,2600,
2023-07-09,2300,,2200
2023-07-09,2600,3400,
2023-07-08,2100,,1900
2023-07-07,2100,,1900
2023-07-06,2100,2900,
2023-07-05,2000,,1800
2023-07-05,1900,2400,
2023-07-04,1900,,1800
2023-07-04,2200,2600,
2023-07-03,2000,,2000
2023-07-03,2100,2600,
2023-07-02,2200,,2000
2023-07-02,2100,2800,
2023-07-01,2100,,1900
2023-06-30,2300,3300,
2023-06-29,2500,,2200
2023-06-29,2300,3300,
2023-06-28,2200,,1900
2023-06-27,2300,3100,
2023-06-26,2200,,2000
2023-06-26,2200,2800,
2023-06-24,2200,2700,
2023-06-23,2100,,2000
2023-06-23,2200,3000,
2023-06-22,2300,,1900
2023-06-22,2200,3000,
2023-06-21,2300,,2000
2023-06-21,2200,3000,
2023-06-20,2200,,1900
2023-06-20,2200,2800,
2023-06-19,2100,,2000
2023-06-19,2200,2800,
2023-06-18,2200,,2000
2023-06-18,2100,2500,
2023-06-17,2200,,2100
2023-06-17,2300,2700,
2023-06-16,2400,,2300
2023-06-16,2400,2700,
2023-06-15,2400,,2300
2023-06-15,2300,2600,
2023-06-14,2400,,2300
2023-06-14,2400,2800,
2023-06-13,2400,,2300
2023-06-13,2400,3200,
2023-06-12,2500,,2100
2023-06-12,2500,3300,
2023-06-11,2300,,2100
2023-06-11,2500,3300,
2023-06-10,2200,,2000
2023-06-10,2300,3100,
2023-06-09,2200,,2000
2023-06-09,2300,3000,
2023-06-08,2200,,2000
2023-06-08,2300,3000,
2023-06-07,2200,,2000
2023-06-07,2300,3100,
2023-06-07,2300,3100,
2023-06-06,2200,,2100
2023-06-06,2300,3300,
2023-06-05,2200,,2000
2023-06-05,2300,3100,
2023-06-04,2200,,2000
2023-06-04,2200,3000,
2023-06-03,2300,3200,
2023-06-02,2300,,2100
2023-06-02,2200,2500,
2023-06-01,2200,,2000
2023-06-01,2100,2200,
2023-05-31,2100,,2100
2023-05-30,2100,2400,
2023-05-29,2200,,2100
2023-05-29,2400,3200,
2023-05-28,2400,,2200
2023-05-28,2400,3200,
2023-05-27,2300,,2100
2023-05-27,2400,2800,
2023-05-26,2500,,2200
2023-05-26,2400,3100,
2023-05-25,2500,,2200
2023-05-23,2400,,2100
2023-05-23,2300,3000,
2023-05-22,2300,,2000
2023-05-21,2300,,2000
2023-05-21,2300,3000,
2023-05-20,2100,,2000
2023-05-20,2300,3100,
2023-05-19,2300,,2100
2023-05-18,2200,2500,
2023-05-17,2300,,2200
2023-05-17,2300,3000,
2023-05-16,2200,,2000
2023-05-16,2300,3100,
2023-05-15,2300,3100,
2023-05-14,2200,,2000
2023-05-14,2200,2800,
2023-05-13,2000,,1900
2023-05-12,2300,2400,
2023-05-11,2200,,2100
2023-05-11,,2700,
2023-05-10,2400,,2400
2023-05-10,2500,2900,
2023-05-09,2500,,2300
2023-05-09,2500,3100,
2023-05-08,2600,,2300
2023-05-07,2500,3200,
2023-05-06,2600,,2400
2023-05-06,2500,3300,
2023-05-05,2500,,2400
2023-05-05,2500,3200,
2023-05-04,2500,,2300
2023-05-04,2500,3200,
2023-05-03,2600,,2300
2023-05-03,2500,3200,
2023-05-02,2500,,2300
2023-05-01,2400,3100,
2023-04-30,2500,,2300
2023-04-30,2400,2700,
2023-04-29,2400,,2100
2023-04-27,3200,3100,
2023-04-27,2500,2900,
2023-04-26,2500,,2200
2023-04-26,2500,3100,
2023-04-25,2500,,2200
2023-04-25,2600,3400,
2023-04-24,2400,,2200
2023-04-24,2400,3100,
2023-04-23,2500,,2300
2023-04-23,2400,3100,
2023-04-22,2400,,2200
2023-04-22,2500,3200,
2023-04-21,2400,,2200
2023-04-21,2400,3000,
2023-04-20,2600,,2400
2023-04-20,2500,2700,
2023-04-19,2500,,2400
2023-04-19,2700,2900,
2023-04-18,2600,,2500
2023-04-18,2600,3300,
2023-04-17,2600,,2300
2023-04-15,2600,,2400
2023-04-15,2500,3200,
2023-04-14,2600,,2400
2023-04-14,2700,3300,
2023-04-13,2600,,2300
2023-04-13,2500,2700,
2023-04-11,2500,3100,
2023-04-10,2400,,2200
2023-04-10,2300,2500,
2023-04-09,2500,,2300
2023-04-09,2400,2600,
2023-04-08,2600,,2300
2023-04-08,2600,2800,
2023-04-07,2700,,2500
2023-04-06,2700,,2600
2023-04-05,2600,3100,
2023-04-04,2600,,2300
2023-04-04,2500,2900,
2023-04-03,2500,,2300
2023-04-03,2400,2700,
2023-04-02,2600,,2400
2023-04-02,2800,3300,
2023-04-01,2600,,2400
2023-03-31,2700,,2400
2023-03-31,2800,3200,
2023-03-30,2800,,2600
2023-03-30,2800,3100,
2023-03-29,2800,,2500
2023-03-29,2700,2900,
2023-03-28,2700,,2300
2023-03-27,2800,,2500
2023-03-27,2800,3200,
2023-03-26,2800,,2600
2023-03-26,2900,3400,
2023-03-25,2800,,2500
2023-03-25,2800,3400,
2023-03-24,2800,3400,
2023-03-23,2800,,2400
2023-03-22,2800,,2400
2023-03-22,2900,3400,
2023-03-21,2700,,2400
2023-03-21,2700,3000,
2023-03-20,2700,,2400
2023-03-20,2700,3100,
2023-03-19,2700,,2400
2023-03-19,2800,3100,
2023-03-18,2700,,2400
2023-03-17,2700,,2400
2023-03-17,2800,3100,
2023-03-16,2700,,2400
2023-03-16,2700,3000,
2023-03-15,2700,,2300
2023-03-15,2700,3000,
2023-03-14,2700,,2400
2023-03-14,2700,3000,
2023-03-13,2700,,2400
2023-03-13,2700,3000,
2023-03-12,2700,,2400
2023-03-12,2700,3000,
2023-03-11,2800,,2500
2023-03-11,2700,3100,
2023-03-10,2800,,2600
2023-03-10,2800,3200,
2023-03-09,2800,,2600
2023-03-09,2900,3100,
2023-03-08,2800,,2600
2023-03-08,2900,3200,
2023-03-07,2800,,2500
2023-03-07,2800,3100,
2023-03-06,2900,,2600
2023-03-06,3000,3200,
2023-03-05,2900,,2600
2023-03-05,2900,3400,
2023-03-04,2900,,2700
2023-03-04,3000,3100,
2023-03-03,2900,,2600
2023-03-03,2800,3300,
2023-03-02,2900,,2600
2023-03-02,2900,3200,
2023-03-01,2800,,2200
2023-03-01,2900,3300,
2023-02-28,2900,,2800
2023-02-28,2900,3400,
2023-02-27,2900,,2600
2023-02-26,2800,,2600
2023-02-26,2900,3100,
2023-02-25,2700,,2400
2023-02-25,2700,3000,
2023-02-24,2900,3200,
2023-02-23,2800,,2400
2023-02-23,2700,3200,
2023-02-22,2700,,2400
2023-02-21,2600,3000,
2023-02-20,2600,,2400
2023-02-20,2800,3200,
2023-02-19,2700,,2300
2023-02-19,2700,3100,
2023-02-18,2600,,2400
2023-02-18,2700,3000,
2023-02-17,2800,,2500
2023-02-17,2700,3000,
2023-02-16,2600,,2300
2023-02-16,2800,3000,
2023-02-15,2600,,2300
2023-02-15,2600,2900,
2023-02-14,2600,,2300
2023-02-14,2800,3100,
2023-02-13,2600,,2400
2023-02-13,2600,3300,
2023-02-12,2600,,2400
2023-02-12,2700,3100,
2023-02-11,2600,,2300
2023-02-11,2600,3100,
2023-02-10,2700,,2500
2023-02-10,2700,3000,
2023-02-09,2600,,2300
2023-02-09,2600,2900,
2023-02-08,2600,,2400
2023-02-07,2700,3200,
2023-02-06,2700,,2500
2023-02-06,2800,3200,
2023-02-05,2700,,2400
2023-02-05,2700,3000,
2023-02-04,2700,,2600
2023-02-04,2800,2900,
2023-02-03,2700,,2400
2023-02-03,2700,3000,
2023-02-02,2600,,2400
2023-02-02,2700,3000,
2023-02-01,2700,,2300
2023-02-01,2600,2900,
2023-01-31,2500,,2400
2023-01-31,2700,3100,
2023-01-30,2600,,2200
2023-01-30,2700,3000,
2023-01-29,2600,,2400
2023-01-29,2700,3000,
2023-01-28,2700,,2300
2023-01-28,2700,3000,
2023-01-27,2700,,2500
2023-01-27,2800,2850,
2023-01-26,2700,,2550
2023-01-26,2800,3200,
2023-01-25,2700,,2500
2023-01-25,2800,3000,
2023-01-24,2700,,2300
2023-01-24,2700,2900,
2023-01-23,2600,,2400
2023-01-23,2700,2900,
2023-01-22,2700,,2300
2023-01-22,2800,3100,
2023-01-21,2500,,2400
2023-01-20,2600,,2300
2023-01-20,2600,2900,
2023-01-19,2700,,2500
2023-01-19,2800,3000,
2023-01-18,2700,,2400
2023-01-18,2700,3100,
2023-01-17,2800,,2500
2023-01-17,2900,3000,
2023-01-16,2700,,2400
2023-01-16,2900,3200,
2023-01-15,2800,,2600
2023-01-15,2900,2900,
2023-01-14,2800,,2700
2023-01-14,2800,2800,
2023-01-13,2800,2900,
2023-01-12,2600,,2300
2023-01-12,2700,2800,
2023-01-11,2600,,2200
2023-01-11,2600,2800,
2023-01-10,2400,,2200
2023-01-10,2500,2600,
2023-01-09,2500,,2100
2023-01-09,2200,2400,
2023-01-08,2200,,1900
2023-01-08,2200,2100,
2023-01-07,2400,,1900
2023-01-07,2100,2300,
2023-01-06,2300,,2200
2023-01-06,2400,2400,
2023-01-05,2500,,2400
2023-01-04,2500,3000,
2023-01-03,2600,,2200
2023-01-03,2500,2800,
2023-01-02,2500,,2200
2023-01-02,2500,2800,
2023-01-01,2700,,2200
2023-01-01,2400,2600,
2022-12-31,2400,,2000
2022-12-30,2400,,2200
2022-12-30,2500,2700,
2022-12-29,2500,,2100
2022-12-29,2500,2800,
2022-12-28,2600,,2100
2022-12-28,2500,2600,
2022-12-27,2400,,2100
2022-12-27,2500,2500,
2022-12-26,2500,,1900
2022-12-26,2500,,1900
2022-12-25,2400,2500,
2022-12-24,2500,2700,
2022-12-23,2600,,2000
2022-12-23,2500,2800,
2022-12-22,2500,,2100
2022-12-22,2400,2400,
2022-12-21,2500,,2100
2022-12-21,2200,2300,
2022-12-20,2300,,2000
2022-12-20,2300,2500,
2022-12-19,2400,,2200
2022-12-19,2400,2700,
2022-12-18,2500,,2300
2022-12-18,2500,2800,
2022-12-17,2500,,2300
2022-12-17,2400,2800,
2022-12-16,2700,,2200
2022-12-16,2500,2700,
2022-12-15,2500,,2200
2022-12-15,2500,2900,
2022-12-14,2700,,2200
2022-12-14,2300,2700,
2022-12-13,2700,,2600
2022-12-12,2500,3000,
2022-12-11,2500,,2400
2022-12-11,2400,2800,
2022-12-10,2700,,2100
2022-12-09,2500,,2200
2022-12-08,2400,2600,
2022-12-07,2500,,2100
2022-12-07,2300,2500,
2022-12-06,2400,,2100
2022-12-06,2100,2400,
2022-12-05,2500,,1900
2022-12-04,2400,,1900
2022-12-04,2200,2400,
2022-12-03,2500,,1900
2022-12-03,2200,2400,
2022-12-02,2400,,1800
2022-12-02,2200,2500,
2022-12-01,2500,,2000
2022-11-30,2500,,2200
2022-11-30,2400,2500,
2022-11-29,2800,,2200
2022-11-28,2500,2700,
2022-11-27,2400,,2100
2022-11-27,2500,2900,
2022-11-26,2700,,2200
2022-11-26,2300,2700,
2022-11-25,2500,,2100
2022-11-25,2400,2400,
2022-11-24,2300,,1900
2022-11-24,2200,2600,
2022-11-23,2700,,2100
2022-11-23,2400,2700,
2022-11-22,2700,,2200
2022-11-22,2400,2800,
2022-11-21,2700,,2200
2022-11-21,2300,2700,
2022-11-20,2700,,2100
2022-11-19,2500,,2100
2022-11-19,2400,2800,
2022-11-18,2700,,2200
2022-11-18,2400,2900,
2022-11-17,2600,,2200
2022-11-17,2500,2600,
2022-11-16,2300,,2300
2022-11-16,2500,3100,
2022-11-15,3000,,2300
2022-11-15,2600,2600,
2022-11-14,2600,,2400
2022-11-14,2500,3000,
2022-11-13,2700,,2200
2022-11-13,2500,2900,
2022-11-12,2600,,2200
2022-11-11,2500,,2200
2022-11-11,2300,2800,
2022-11-10,2600,,2200
2022-11-10,2400,2600,
2022-11-09,2300,,2000
2022-11-09,2000,2200,
2022-11-08,2200,,1900
2022-11-08,2000,2200,
2022-11-07,2200,,1900
2022-11-07,2200,2700,
2022-11-06,2500,,1900
2022-11-06,2100,2100,
2022-11-05,2400,,1800
2022-11-05,2000,2400,
2022-11-04,1900,,2300
2022-11-03,2100,2100,
2022-11-02,2100,,1800
2022-11-02,2100,2500,
2022-11-01,2500,,2300
2022-11-01,2400,2700,
2022-10-31,3100,,2500
2022-10-31,2700,2900,
2022-10-30,2600,,2400
2022-10-30,2800,2800,
2022-07-31,,,2100
2022-05-17,2200,2400,
2022-05-23,2100,,2200
2022-05-23,2000,2100,
2022-05-22,2200,,2100
2022-05-22,1900,2200,
2022-05-05,2400,,2200
2022-05-05,2500,3200,
2022-05-04,2600,,2600
2022-05-04,2500,3100,
2022-05-03,2500,3100,
2022-05-03,2500,,2300
2022-05-03,2400,2900,
2022-05-02,2500,,2400
2022-05-02,2400,2900,
2022-05-01,2400,,1900
2022-04-30,2300,,2300
2022-04-30,2500,2800,
2022-04-29,2600,,2300
2022-04-29,2500,3100,
2022-04-28,2600,,1700
2022-04-28,2400,3100,
2022-04-27,2600,,2100
2022-04-26,2400,3100,
2022-04-27,2400,3100,
2022-04-26,2300,,2600
2022-04-26,2300,3000,
2022-04-25,2400,,2200
2022-04-25,2400,2900,
2022-04-24,2500,,2400
2022-04-24,2500,2600,
2022-04-23,2600,,2200
2022-04-23,2300,2800,
2022-04-22,2200,,1900
2022-04-22,2300,2700,
2022-04-21,2400,,2200
2022-04-21,2400,,2200
2022-04-21,2300,2500,
2022-04-20,2400,,1900
2022-04-20,2200,2800,
2022-04-19,2300,,2000
2022-04-19,2200,2700,
2022-04-18,2300,,2000
2022-04-18,2200,2400,
2022-04-17,2220,,1900
2022-04-17,2200,2500,
2022-04-16,2100,,2100
2022-04-16,2200,2500,
2022-04-15,2300,,2000
2022-04-15,2200,3100,
2022-04-14,2300,,2700
2022-04-14,2600,3100,
2022-04-13,2600,,2300
2022-04-13,2500,3200,
2022-04-12,2600,,2300
2022-04-11,2400,3000,
2022-04-10,2500,,2400
2022-04-10,2500,3000,
2022-04-09,2400,,2200
2022-04-09,2400,3100,
2022-04-08,2500,,2200
2022-04-08,2400,2700,
2022-04-07,2400,,2300
2022-04-07,2400,2700,
2022-04-06,2500,,2300
2022-04-06,2450,2800,
2022-04-05,2500,,2400
2022-04-05,2500,3100,
2022-04-04,2400,,2200
2022-04-04,2500,3000,
2022-04-03,2600,,2300
2022-04-03,2400,2700,
2022-04-02,2300,,2200
2022-04-02,2400,2500,
2022-04-01,2300,,2100
2022-04-01,2500,2700,
2022-03-31,2500,,2100
2022-03-31,2500,3400,
2022-03-30,2600,,2400
2022-03-30,2500,2900,
2022-03-29,2500,,2400
2022-03-29,2500,3000,
2022-03-28,2600,,2300
2022-03-28,2600,,2300
2022-03-28,2400,3000,
2022-03-27,2700,,2400
2022-03-27,2600,3500,
2022-03-26,2800,,2400
2022-03-26,2500,3500,
2022-03-25,3000,,2300
2022-03-25,2350,3450,
2022-03-24,2700,,2100
2022-03-23,2500,,2200
2022-03-23,2400,3200,
2022-03-22,2500,,2100
2022-03-22,2250,2700,
2022-03-21,2300,,2100
2022-03-20,2700,,2500
2022-03-20,2700,3500,
2022-03-19,3000,,2400
2022-03-19,2700,3600,
2022-03-18,2800,,2400
2022-03-18,2600,3400,
2022-03-17,2700,,2400
2022-03-17,2700,3500,
2022-03-16,2900,,2500
2022-03-16,2550,3300,
2022-03-11,2300,3300,
2022-03-15,2700,,2400
2022-03-15,2500,3200,
2022-03-14,2700,,2500
2022-03-14,2500,3200,
2022-03-13,2700,,2300
2022-03-13,2400,3000,
2022-03-12,2550,,2300
2022-03-12,2400,3200,
2022-03-11,2700,,2100
2022-03-10,2700,,2200
2022-03-09,2700,,2300
2022-03-09,2300,3200,
2022-03-08,2600,,2200
2022-03-08,2400,3300,
2022-03-07,2600,,2200
2022-03-07,2400,3400,
2022-03-06,2600,,2200
2022-03-06,2400,3200,
2022-03-05,2500,2800,
2022-03-04,2400,,2200
2022-03-04,2350,3300,
2022-03-03,2400,,2200
2022-03-02,2500,,2300
2022-03-01,2700,,2200
2022-03-01,2400,3300,
2022-02-28,2500,,2300
2022-02-28,2400,3400,
2022-02-27,2700,,2400
2022-02-27,2600,3300,
2022-02-26,2600,,2400
2022-02-26,2500,3200,
2022-02-25,2650,,2400
2022-02-25,2500,3000,
2022-02-24,2600,,2400
2022-02-24,2600,3000,
2022-02-23,2600,,2300
2022-02-23,2600,3100,
2022-02-22,2500,,2300
2022-02-22,2400,3200,
2022-02-21,2600,,2500
2022-02-21,2500,3000,
2022-02-20,2400,,2200
2022-02-20,2400,2800,
2022-02-19,2400,,2200
2022-02-19,2400,2600,
2022-02-18,2600,,2500
2022-02-17,2500,,2200
2022-02-17,2400,3000,
2022-02-16,2500,2900,
2022-02-15,2700,,2400
2022-02-15,2550,3100,
2022-02-14,2550,,2300
2022-02-13,2500,,2100
2022-02-13,2400,3000,
2022-02-12,2300,2700,
2022-02-11,2400,,2200
2022-02-11,2200,2700,
2022-02-10,2200,,2000
2022-02-10,2300,2600,
2022-02-09,2400,,2000
2022-02-09,2200,2400,
2022-02-08,2400,,2400
2022-02-08,2500,3000,
2022-02-07,2700,,2400
2022-02-07,2700,3300,
2022-02-06,2700,,2400
2022-02-06,2500,3200,
2022-02-05,2600,,2400
2022-02-05,2500,3100,
2022-02-04,2600,,2300
2022-02-04,2500,3000,
2022-02-03,2500,,2300
2022-02-03,2500,2800,
2022-02-02,2550,,2300
2022-02-02,2500,2900,
2022-02-01,2600,,2300
2022-02-01,2400,2600,
2022-01-31,2500,,2200
2022-01-31,2400,2600,
2022-01-30,2500,,2200
2022-01-30,2300,2700,
2022-01-29,2400,,2200
2022-01-28,2700,,2200
2022-01-28,2350,3500,
2022-01-27,2850,,2300
2022-01-27,2200,3100,
2022-01-26,2500,,2000
2022-01-26,2100,3000,
2022-01-25,2600,,2000
2022-01-25,2050,3100,
2022-01-24,2550,,2000
2022-01-24,2200,3100,
2022-01-23,2500,,2100
2022-01-23,2400,3200,
2022-01-22,2700,,2300
2022-01-22,2430,3150,
2022-01-21,2400,3200,
2022-01-20,2500,,2100
2022-01-20,2300,3100,
2022-01-19,2700,,2500
2022-01-19,2400,3200,
2022-01-18,2600,,2250
2022-01-17,2500,,2200
2022-01-18,2450,3200,
2022-01-16,2600,2300,
2022-01-16,2500,3200,
2022-01-15,2700,,2400
2022-01-15,2600,3200,
2022-01-14,2700,,2400
2022-01-14,2600,3100,
2022-01-10,2000,2500,
2022-01-09,2300,,2100
2022-01-09,2300,2500,
2022-01-08,2400,,2300
2022-01-08,2400,2500,
2022-01-07,2400,,2300
2022-01-07,2400,3000,
2022-01-06,2400,,2200
2022-01-06,2600,3100,
2022-01-05,2500,,2300
2022-01-05,2400,3100,
2022-01-04,2400,,2400
2022-01-04,2600,3000,
2022-01-03,2600,,2300
2022-01-03,2400,2800,
2022-01-02,2500,,2300
2022-01-02,2400,2600,
2022-01-01,2400,,2100
2022-01-01,2300,2400,
2021-12-31,2400,,2200
2021-12-31,2300,2800,
2021-12-30,2600,,2300
2021-12-30,2500,3000,
2021-12-29,2600,,2300
2021-12-29,2400,2900,
2021-12-28,2400,2000,
2021-12-28,2100,2800,
2021-12-27,2600,,2100
2021-12-27,2300,3000,
2021-12-26,2500,,2300
2021-12-26,2200,2800,
2021-12-25,2100,,2000
2021-12-25,2200,2700,
2021-12-24,2500,,2000
2021-12-24,2300,2400,
2021-12-23,2300,,2200
2021-12-23,2220,2800,
2021-12-22,2600,,2000
2021-12-22,2200,3000,
2021-12-21,2500,,2100
2021-12-21,2400,3100,
2021-12-20,2400,,2000
2021-12-19,2600,,2100
2021-12-19,2400,2800,
2021-12-18,2400,,2300
2021-12-17,2500,3000,
2021-12-16,2800,,2500
2021-12-16,2600,3200,
2021-12-15,2700,,2500
2021-12-15,2600,3200,
2021-12-14,2800,,2400
2021-12-14,2500,2800,
2021-12-12,2400,3000,
2021-12-11,2600,,2500
2021-12-11,2200,2700,
2021-12-10,2400,,2100
2021-12-10,2200,2600,
2021-12-09,2100,2200,
2021-12-08,2200,,2000
2021-12-08,2000,2800,
2021-12-07,2500,2900,
2021-12-06,2500,,2100
2021-12-05,2700,,2200
2021-12-05,2300,3000,
2021-12-04,2200,2800,
2021-12-03,2400,,2100
2021-12-03,2200,2800,
2021-12-02,2500,,2200
2021-12-02,2300,2800,
2021-12-01,2300,,2200
2021-11-30,2500,,2100
2021-11-30,2400,2500,
2021-11-29,2500,,2100
2021-11-29,2200,2600,
2021-11-28,2150,,2100
2021-11-28,2300,3100,
2021-11-27,2800,,2400
2021-11-27,2200,2600,
2021-11-26,2400,,2000
2021-11-26,2100,2800,
2021-11-25,2400,,2000
2021-11-25,2200,2500,
2021-11-23,1900,2700,
2021-11-22,2100,,1700
2021-11-22,2000,2500,
2021-11-21,2100,,1800
2021-11-21,2100,2200,
2021-11-20,2100,,1900
2021-11-20,1900,2300,
2021-11-19,2200,,1900
2021-11-19,2100,3000,
2021-11-18,2500,2700,
2021-11-17,2400,,1800
2021-11-16,2300,2700,
2021-11-15,2200,,1700
2021-11-15,2100,2700,
2021-11-14,2200,,1800
2021-11-14,1800,2100,
2021-11-13,2000,,1700
2021-11-13,1900,2100,
2021-11-12,1900,,1700
2021-11-12,2200,2100,
2021-11-11,2100,,1900
2021-11-11,2100,2400,
2021-11-10,2000,2600,
2021-11-09,2300,,2000
2021-11-09,2200,2500,
2021-11-08,2300,,2000
2021-11-08,2100,2700,
2021-11-07,2100,,1900
2021-11-07,2100,2600,
2021-11-06,2500,,1900
2021-11-06,2000,2500,
2021-11-05,2300,,2100
2021-11-05,2100,2500,
2021-11-04,2200,,1900
2021-11-04,2100,2300,
2021-11-03,2300,,1800
2021-11-03,2300,2100,
2021-11-02,1900,2000,
2021-11-01,1800,,2000
2021-11-01,2000,2500,
2021-10-31,2100,,1900
2021-10-31,2100,2400,
2021-10-30,2100,,1800
2021-10-30,1850,2200,
2021-10-29,2100,,2000
2021-10-29,2100,2300,
2021-10-28,2100,2100,
2021-10-27,2200,,2000
2021-10-27,2100,2500,
2021-10-26,2200,,1800
2021-10-26,1900,2300,
2021-10-25,2000,,1800
2021-10-25,2100,2200,
2021-10-24,2000,2800,
2021-10-23,2300,,1800
2021-10-23,1900,2900,
2021-10-22,2200,,1700
2021-10-22,1900,2300,
2021-10-21,1900,,1600
2021-10-21,1700,1800,
2021-10-20,1700,,1500
2021-10-20,1800,1900,
2021-10-19,1900,,1800
2021-10-19,2000,2100,
2021-10-18,2000,,1800
2021-10-18,2000,2000,
2021-10-17,2000,,1800
2021-10-16,2100,,1900
2021-10-16,2200,3000,
2021-10-15,2300,,1800
2021-10-15,1900,2700,
2021-10-14,2300,,1700
2021-10-13,1800,2300,
2021-10-12,2000,,1700
2021-10-12,1900,2000,
2021-10-11,2200,,1800
2021-10-11,2200,,1800
2021-10-11,2000,2200,
2021-10-10,2000,,1800
2021-10-10,1900,2200,
2021-10-09,1900,,2100
2021-10-09,2000,2500,
2021-10-08,2100,,2100
2021-10-08,2000,2700,
2021-10-07,2500,,2000
2021-10-06,2100,,1900
2021-10-06,2000,2100,
2021-10-05,2100,,2100
2021-10-05,2100,2700,
2021-10-04,2200,3000,
2021-10-03,2500,,2000
2021-10-03,2300,2600,
2021-10-02,2600,,2100
2021-10-02,2200,2900,
2021-10-01,2400,,2100
2021-10-01,2200,2500,
2021-09-30,2300,,2000
2021-09-30,2100,2500,
2021-09-29,2300,,2000
2021-09-29,2000,3100,
2021-09-28,2600,,2100
2021-09-28,2100,2500,
2021-09-27,2200,,2000
2021-09-27,2300,2700,
2021-09-26,2500,,1900
2021-09-26,2000,2600,
2021-09-25,2000,2800,
2021-09-24,2200,,2200
2021-09-24,2000,2500,
2021-09-23,2100,,1800
2021-09-23,1900,2300,
2021-09-22,2100,,1800
2021-09-22,2200,2500,
2021-09-21,2500,,2000
2021-09-21,2200,2900,
2021-09-20,2300,,2100
2021-09-19,2100,2800,
2021-09-18,2100,,1900
2021-09-18,2100,2600,
2021-09-17,2100,,1900
2021-09-17,2000,2400,
2021-09-16,2100,,2100
2021-09-16,2100,,2100
2021-09-16,2300,2800,
2021-09-15,2450,,2200
2021-09-14,2200,2800,
2021-09-13,2200,,2000
2021-09-13,2100,2500,
2021-09-12,2200,,2000
2021-09-11,2200,2400,
2021-09-10,2100,,2100
2021-09-10,2200,2800,
2021-09-09,2200,,2000
2021-09-09,2200,2800,
2021-09-08,2200,,2000
2021-09-08,2100,2800,
2021-09-07,2200,,2000
2021-09-06,2100,1900,
2021-09-06,2100,2500,
2021-09-05,2100,2500,
2021-09-04,2400,,2100
2021-09-04,2100,2900,
2021-09-03,2200,,1800
2021-09-03,2100,2800,
2021-09-02,2100,,1800
2021-09-02,2000,2700,
2021-09-01,2100,,2700
2021-08-31,2100,2500,
2021-08-30,2100,,1900
2021-08-30,2400,2400,
2021-08-29,2100,,1900
2021-08-29,2100,2500,
2021-08-28,2200,,1900
2021-08-28,2200,2600,
2021-08-27,2300,3200,
2021-08-27,2300,3200,
2021-08-26,2500,,2200
2021-08-26,2300,3100,
2021-08-25,2200,,1900
2021-08-25,2300,2900,
2021-08-24,2300,,2100
2021-08-24,2300,3200,
2021-08-23,2100,,2000
2021-08-23,2200,2800,
2021-08-22,2100,2800,
2021-08-21,2100,,1900
2021-08-21,2100,,1900
2021-08-21,2200,2900,
2021-08-20,2200,,2000
2021-08-20,2100,2800,
2021-08-19,2100,,1900
2021-08-19,2300,2900,
2021-08-18,2200,,1900
2021-08-17,2100,2800,
2021-08-16,2000,,1700
2021-08-16,2000,2600,
2021-08-15,2000,,1800
2021-08-15,1900,2200,
2021-08-14,1900,,1700
2021-08-14,1700,2000,
2021-08-13,2000,1900,
2021-08-12,2100,,1800
2021-08-12,2100,2300,
2021-08-11,2100,,2000
2021-08-11,2100,3000,
2021-08-10,2100,,1800
2021-08-10,2100,2800,
2021-08-09,2100,,1800
2021-08-09,2100,2800,
2021-08-08,2000,2700,
2021-08-07,1900,,1600
2021-08-07,2100,2600,
2021-08-06,2000,,1800
2021-08-06,2000,2400,
2021-08-05,1900,,1800
2021-08-05,1800,2200,
2021-08-04,1900,,1700
2021-08-04,1900,2200,
2021-08-03,2000,2600,
2021-08-02,1700,,1500
2021-08-02,1800,2600,
2021-08-01,1800,,1400
2021-08-01,1900,2100,
2021-07-31,1800,,1600
2021-07-31,1700,2000,
2021-07-30,1600,,1500
2021-07-30,1500,1800,
2021-07-29,1700,2300,
2021-07-28,2100,,2000
2021-07-28,2400,3100,
2021-07-27,2200,,1900
2021-07-27,2100,2800,
2021-07-26,2000,,1800
2021-07-26,2100,2900,
2021-07-25,2000,,1700
2021-07-25,2100,2800,
2021-07-24,2000,2800,
2021-07-23,1900,,1700
2021-07-23,2000,2400,
2021-07-22,1800,,1700
2021-07-22,1900,2400,
2021-07-21,1600,,1500
2021-07-21,1700,2200,
2021-07-20,1800,,1700
2021-07-20,1800,2300,
2021-07-19,2100,2500,
2021-07-18,2100,,1800
2021-07-18,2100,2400,
2021-07-17,2100,,1900
2021-07-17,2100,2500,
2021-07-16,2200,,2000
2021-07-16,2300,3000,
2021-07-15,2300,,2000
2021-07-15,2200,2800,
2021-07-14,2000,,1900
2021-07-14,2300,2600,
2021-07-13,2100,,1800
2021-07-13,2100,2400,
2021-07-12,2000,,1800
2021-07-12,2000,2700,
2021-07-11,2000,,1700
2021-07-11,2100,2600,
2021-07-10,2000,,1900
2021-07-10,2000,2400,
2021-07-09,2000,,1800
2021-07-09,1900,2500,
2021-07-07,1800,,1700
2021-07-07,2000,2400,
2021-07-06,1900,2100,
2021-07-05,2000,2300,
2021-07-04,2000,,1800
2021-07-03,1900,,1600
2021-07-03,1900,2600,
2021-07-02,1800,,1500
2021-07-02,2000,2200,
2021-07-01,1800,1900,
2021-06-30,1800,,1600
2021-06-30,1700,2100,
2021-06-29,2100,,1800
2021-06-29,2200,2700,
2021-06-28,2100,,1900
2021-06-28,2200,2700,
2021-06-27,2100,2600,
2021-06-26,2200,,1900
2021-06-26,2300,2600,
2021-06-25,2000,,1800
2021-06-25,2000,2500,
2021-06-24,1900,,1800
2021-06-24,2000,2600,
2021-06-23,2000,2100,
2021-06-22,1900,,1800
2021-06-22,2000,2200,
2021-06-21,2100,,1900
2021-06-21,2200,2600,
2021-06-20,2400,,1900
2021-06-20,2000,2100,
2021-06-19,2200,,1900
2021-06-19,2000,2300,
2021-06-18,2000,,1900
2021-06-18,2000,2200,
2021-06-17,2100,2500,
2021-06-16,2100,,1800
2021-06-16,2000,2600,
2021-06-15,1900,,1800
2021-06-06,2400,2900,
2021-06-05,2300,2900,
2021-06-04,2300,,2100
2021-06-04,2400,3000,
2021-06-03,2300,,2000
2021-06-03,2300,2800,
2021-06-02,2100,,2000
2021-06-02,2200,2500,
2021-06-01,2100,,1900
2021-06-01,2200,2600,
2021-05-31,2100,,2000
2021-05-31,2300,2500,
2021-05-30,2400,,2200
2021-05-30,2400,3400,
2021-05-29,2600,,2000
2021-05-28,2100,,2000
2021-05-28,2200,2500,
2021-05-27,2000,,1900
2021-05-27,2200,2900,
2021-05-26,2000,,1900
2021-05-26,2000,2500,
2021-05-25,2000,,1900
2021-05-25,2100,2500,
2021-05-24,2400,3000,
2021-05-23,2400,,2000
2021-05-23,2100,2700,
2021-05-22,2300,,2100
2021-05-22,2300,2800,
2021-05-21,2100,,2000
2021-05-21,2100,2600,
2021-05-20,2100,,2000
2021-05-20,2100,2600,
2021-05-19,2100,,2000
2021-05-19,2200,2500,
2021-05-18,2200,,2100
2021-05-18,2300,2800,
2021-05-17,2100,,2000
2021-05-17,2200,2500,
2021-05-16,2200,,2000
2021-05-16,2100,2700,
2021-05-15,2100,,1900
2021-05-15,2000,2600,
2021-05-14,2100,2200,
2021-05-13,2000,,1900
2021-05-13,2300,2700,
2021-05-12,2300,,2000
2021-05-12,2300,2700,
2021-05-11,2100,,1900
2021-05-11,2350,2550,
2021-05-10,2100,,1900
2021-05-10,2000,2400,
2021-05-09,2100,,1900
2021-05-09,2100,2400,
2021-05-08,2100,2400,
2021-05-07,2400,,2200
2021-05-07,2400,2900,
2021-05-06,2300,,2200
2021-05-06,2400,3000,
2021-05-05,2300,,2100
2021-05-05,2300,2900,
2021-05-04,2200,2900,
2021-05-03,2300,,2000
2021-05-03,2200,2700,
2021-05-02,2100,,2000
2021-05-02,2200,2700,
2021-05-01,2100,,2000
2021-05-01,2100,2600,
2021-04-30,2100,2500,
2021-04-29,2200,,2000
2021-04-29,2200,3000,
2021-04-28,2200,,2000
2021-04-28,2200,3000,
2021-04-27,2300,,2100
2021-04-27,2300,3000,
2021-04-26,2400,,2100
2021-04-26,2300,2900,
2021-04-25,2300,2600,
2021-04-24,2200,,2100
2021-04-24,2300,2500,
2021-04-23,2200,,2000
2021-04-23,2200,2300,
2021-04-22,2100,2400,
2021-04-21,2300,2500,
2021-04-20,2400,,2100
2021-04-20,2400,2700,
2021-04-19,2300,,2100
2021-04-19,2400,2700,
2021-04-18,2400,,2200
2021-04-18,2300,3000,
2021-04-17,2200,,2000
2021-04-17,2300,3100,
2021-04-16,2500,,2000
2021-04-16,2300,2800,
2021-04-15,2300,,2000
2021-04-15,2200,2800,
2021-04-14,2300,,2100
2021-04-14,2300,2500,
2021-04-13,2200,,2100
2021-04-13,2500,3300,
2021-04-12,2400,,2100
2021-04-12,2300,3300,
2021-04-11,2300,3100,
2021-04-10,2600,,2200
2021-04-10,2400,3000,
2021-04-09,2400,,2100
2021-04-09,2400,2700,
2021-04-08,2400,,2100
2021-04-08,2300,2800,
2021-04-07,2200,,2100
2021-04-07,2500,3100,
2021-04-06,2600,,2200
2021-04-06,2300,3000,
2021-04-05,2300,2900,
2021-04-04,2500,,2200
2021-04-04,2400,2900,
2021-04-03,2600,,2200
2021-04-03,2500,2900,
2021-04-02,2300,,1800
2021-04-02,2400,2700,
2021-04-01,2500,2800,
2021-03-31,2400,,2200
2021-03-31,2400,3000,
2021-03-30,2400,,2200
2021-03-30,2900,3400,
2021-03-29,2700,,2500
2021-03-29,2700,3200,
2021-03-28,2700,,2500
2021-03-28,2600,3500,
2021-03-27,3000,,2500
2021-03-27,2700,3500,
2021-03-26,3000,,2500
2021-03-26,2600,3100,
2021-03-25,2800,,2500
2021-03-25,2500,3500,
2021-03-24,2800,,2400
2021-03-24,2500,3200,
2021-03-23,2600,,2300
2021-03-23,2600,3100,
2021-03-22,2700,,2400
2021-03-22,2700,3500,
2021-03-21,2700,,2600
2021-03-21,2600,3500,
2021-03-20,2600,,2500
2021-03-20,2600,3200,
2021-03-19,2800,,2400
2021-03-19,2700,3300,
2021-03-18,2700,,2300
2021-03-18,2600,3500,
2021-03-17,2500,3400,
2021-03-16,2700,,2400
2021-03-16,2600,3200,
2021-03-15,2600,,2400
2021-03-15,2700,3100,
2021-03-14,2600,2900,
2021-03-13,2500,,2200
2021-03-12,2600,2800,
2021-03-12,2500,,2400
2021-03-12,2400,3200,
2021-03-11,2500,,2200
2021-03-11,2600,2800,
2021-03-10,2500,,2200
2021-03-10,2400,3100,
2021-03-09,2400,,2200
2021-03-09,2500,2800,
2021-03-08,2500,,2200
2021-03-08,2500,2600,
2021-03-07,2400,,2100
2021-03-06,2500,2900,
2021-03-06,2800,,2300
2021-03-06,2600,3200,
2021-03-05,2400,3200,
2021-03-04,2700,,2200
2021-03-04,2400,3100,
2021-03-03,2600,,2200
2021-03-02,2300,3000,
2021-02-28,2600,2900,
2021-02-27,2600,,2400
2021-02-27,2500,2800,
2021-02-26,2600,,2300
2021-02-26,2400,2600,
2021-02-25,2600,,2400
2021-02-25,2500,3000,
2021-02-23,2600,2900,
2021-02-22,2600,,2300
2021-02-22,2500,2800,
2021-02-21,2700,,2400
2021-02-21,2600,3100,
2021-02-20,2600,,2400
2021-02-20,2600,3000,
2021-02-19,2600,,2300
2021-02-19,2400,3200,
2021-02-18,2600,,2300
2021-02-18,2400,2900,
2021-02-17,2600,,2300
2021-02-17,2600,3000,
2021-02-16,2600,,2200
2021-02-16,2400,2800,
2021-02-15,2500,,2400
2021-02-13,2500,2800,
2021-02-13,2500,,2400
2021-02-13,2600,3000,
2021-02-12,2600,,2200
2021-02-12,2400,3000,
2021-02-11,2800,,2300
2021-02-11,2400,2800,
2021-02-10,2500,,2100
2021-02-10,2300,2600,
2021-02-09,2400,,2000
2021-02-08,2200,2600,
2021-02-07,2500,,2000
2021-02-07,2100,2300,
2021-02-06,2100,,1900
2021-02-05,2200,,2000
2021-02-05,2300,3200,
2021-02-04,2800,,2100
2021-02-04,2400,3100,
2021-02-03,2900,,2200
2021-02-03,2400,3100,
2021-02-02,2700,,2300
2021-02-01,2200,3200,
2021-02-01,2600,,2200
2021-01-31,2400,3300,
2021-01-30,2800,,2300
2021-01-30,2400,3500,
2021-01-29,2900,,2300
2021-01-29,2400,3200,
2021-01-28,2400,,2300
2021-01-27,2400,3200,
2021-01-26,2600,,2300
2021-01-25,2400,3200,
2021-01-25,2400,,2000
2021-01-25,2100,2900,
2021-01-24,2400,,1900
2021-01-24,2300,3100,
2021-01-23,2700,,2100
2021-01-23,2700,3200,
2021-01-22,2600,,2300
2021-01-22,2500,3200,
2021-01-21,2700,,2200
2021-01-20,2400,2900,
2021-01-19,2600,,2300
2021-01-19,2300,3000,
2021-01-18,2400,,2000
2021-01-17,2200,3000,
2021-01-16,2600,,2000
2021-01-16,2200,3000,
2021-01-15,2600,,1900
2021-01-14,2400,3100,
2021-01-13,2500,,2100
2021-01-13,2400,3500,
2021-01-12,2800,,2300
2021-01-12,2500,3300,
2021-01-11,2800,,2400
2021-01-11,2700,3400,
2021-01-11,3000,,2600
2021-01-10,2800,3200,
2021-01-09,2900,,2400
2021-01-09,2600,3100,
2021-01-08,3000,,2600
2021-01-07,2700,3200,
2021-01-06,2600,,2300
2021-01-06,2500,3100,
2021-01-05,2700,,2300
2021-01-05,2400,2900,
2021-01-04,2600,,2100
2021-01-03,2400,2600,
2021-01-02,2600,,2200
2021-01-02,2400,3100,
2021-01-01,2700,,2200
2021-01-01,2700,3100,
2020-12-31,2800,,2200
2020-12-31,2500,2900,
2020-12-30,2500,,2300
2020-12-30,2400,2900,
2020-12-29,2700,,2200
2020-12-28,2300,2300,
2020-12-27,2400,,2300
2020-12-27,2400,2900,
2020-12-26,2800,,2100
2020-12-25,2100,2300,
2020-12-24,2200,,2100
2020-12-24,2200,2500,
2020-12-23,2600,,2200
2020-12-23,2300,2600,
2020-12-22,2800,3200,
2020-12-21,3000,,2300
2020-12-20,2500,3200,
2020-12-19,2700,,2600
2020-12-19,2500,3100,
2020-12-18,2600,,2800
2020-12-18,2500,2900,
2020-12-17,2600,,2300
2020-12-17,2600,3000,
2020-12-16,2800,,2400
2020-12-16,2600,3200,
2020-12-15,2700,,2400
2020-12-15,2500,2900,
2020-12-14,2800,,2300
2020-12-13,2500,2900,
2020-12-12,2600,,2200
2020-12-12,2300,2900,
2020-12-11,2700,,2100
2020-12-11,2300,2400,
2020-12-10,2400,,2200
2020-12-09,2400,2500,
2020-12-09,2500,,2200
2020-12-09,2400,2600,
2020-12-08,2400,,2100
2020-12-08,2300,2500,
2020-12-07,2200,,2200
2020-12-07,2200,2200,
2020-12-06,2300,,2200
2020-12-06,2400,2800,
2020-12-05,2700,,2300
2020-12-05,2400,3100,
2020-12-03,2500,3000,
2020-12-03,2800,,2200
2020-12-03,2400,2800,
2020-12-02,2500,,2200
2020-12-02,2400,2800,
2020-12-01,2750,,2000
2020-12-01,2400,2800,
2020-11-30,2600,,1900
2020-11-30,2300,2900,
2020-11-29,2400,,1900
2020-11-28,2100,2900,
2020-11-28,2650,,1900
2020-11-27,2600,,2100
2020-11-27,2400,3000,
2020-11-26,2600,,1900
2020-11-25,2200,3000,
2020-11-25,2700,,2100
2020-11-25,2600,3000,
2020-11-24,2800,,2300
2020-11-24,2300,2700,
2020-11-23,2300,,2100
2020-11-22,2300,2900,
2020-11-22,2400,,2000
2020-11-22,2200,2700,
2020-11-21,2400,,1900
2020-11-21,2300,2400,
2020-11-20,2200,,1900
2020-11-19,2200,2500,
2020-11-19,2200,2400,
2020-11-18,2300,,2100
2020-11-18,2300,2800,
2020-11-17,2500,,2200
2020-11-15,2400,3100,
2020-11-15,2800,,2200
2020-11-15,2400,2600,
2020-11-14,2500,,2200
2020-11-14,2400,2800,
2020-11-13,2500,,2200
2020-11-11,2300,2500,
2020-11-11,2400,,2100
2020-11-11,2300,2300,
2020-11-10,2200,,2000
2020-11-09,2100,2300,
2020-11-08,2300,,2100
2020-11-08,2100,2500,
2020-11-07,2200,,1900
2020-11-06,2100,2400,
2020-11-06,2100,,1700
2020-11-06,1900,2400,
2020-11-05,2200,,2100
2020-11-05,2100,2200,
2020-11-04,1800,2500,
2020-11-03,2200,,2200
2020-11-03,2000,2300,
2020-11-02,2000,,1700
2020-10-31,1900,2200,
2020-10-30,2200,,2000
2020-10-29,2300,2600,
2020-10-29,2900,,1900
2020-10-29,2900,,1900
2020-10-28,2100,2600,
2020-10-27,2200,2800,
2020-10-26,2300,,2100
2020-10-25,1900,2700,
2020-10-24,2300,,1900
2020-10-23,2400,,1900
2020-10-22,2300,2900,
2020-10-21,2500,,2000
2020-10-20,2700,,2000
2020-10-20,2200,2700,
2020-10-19,2600,,2000
2020-10-19,2200,2900,
2020-10-18,2400,,1900
2020-10-18,2100,2900,
2020-10-17,2600,,2100
2020-10-17,2000,2300,
2020-10-16,2400,,2200
2020-10-15,2400,,2300
2020-10-15,2400,2700,
2020-10-14,2600,,2100
2020-10-12,2400,,1900
2020-10-12,2100,2600,
2020-10-11,2500,,1900
2020-10-11,2100,2400,
2020-10-10,2300,,2100
2020-10-10,2400,2400,
2020-10-09,2500,,2500
2020-10-08,2500,3000,
2020-10-07,2400,,2300
2020-10-07,2400,2900,
2020-10-06,2750,,2100
2020-10-06,2400,3000,
2020-10-03,2700,,2300
2020-10-03,2650,3600,
2020-10-02,3100,,2300
2020-10-01,2300,3200,
2020-09-30,2400,,1800
2020-09-30,2500,2900,
2020-09-29,2600,,2300
2020-09-29,2350,3100,
2020-09-28,2800,,2300
2020-09-28,2600,3700,
2020-09-27,2800,,2200
2020-09-27,2300,3000,
2020-09-26,2600,,2000
2020-09-25,2200,2900,
2020-09-23,2100,,1650
2020-09-23,2300,2400,
2020-09-22,2000,,2100
2020-09-22,2300,2400,
2020-09-21,2400,,2200
2020-09-21,2250,2300,
2020-09-20,2400,2700,
2020-09-18,2700,,2100
2020-09-17,2300,3100,
2020-09-16,2500,,2000
2020-09-16,2200,2600,
2020-09-15,2500,,2000
2020-09-15,2400,3400,
2020-09-14,3000,,2000
2020-09-14,2400,3000,
2020-09-13,2500,,2300
2020-09-12,2300,2900,
2020-09-11,2500,,2200
2020-09-10,2300,3000,
2020-09-09,2400,,2200
2020-09-09,2400,2700,
2020-09-08,2400,,2200
2020-09-07,2200,3700,
2020-09-06,2700,,2000
2020-09-06,2300,2700,
2020-09-05,2450,,2200
2020-09-04,2400,3100,
2020-09-03,2700,,1900
2020-09-03,2200,3000,
2020-09-02,2100,2600,
2020-09-01,2000,,2000
2020-09-01,2250,2500,
2020-08-31,2400,,2100
2020-08-31,2300,2600,
2020-08-30,2900,,2100
2020-08-30,2300,3100,
2020-08-29,2500,,2000
2020-08-29,2500,2000,
2020-08-27,2250,,1700
2020-08-27,1800,2400,
2020-08-26,2100,,1800
2020-08-26,1900,2200,
2020-08-25,2000,1700,
2020-08-24,1750,2200,
2020-08-23,2000,,1500
2020-08-23,1700,2900,
2020-08-22,1800,,1600
2020-08-21,1900,2300,
2020-08-20,2200,,2000
2020-08-20,2300,2800,
2020-08-19,2400,,2200
2020-08-18,2200,2700,
2020-08-17,2200,,2000
2020-08-16,2200,3200,
2020-08-15,2550,,2000
2020-08-15,2400,3100,
2020-08-14,2400,,1900
2020-08-13,1800,2700,
2020-08-12,1900,,1900
2020-08-12,2300,3300,
2020-08-11,2600,,1900
2020-08-11,2300,2900,
2020-08-10,2300,,1800
2020-08-09,1900,2800,
2020-08-08,1800,,1600
2020-08-08,2000,2800,
2020-08-07,1900,,1600
2020-08-07,2100,2800,
2020-08-06,2400,1700,
2020-08-05,1700,2700,
2020-08-04,1900,,1600
2020-08-04,2400,2900,
2020-08-03,2010,,1600
2020-08-03,1900,2700,
2020-08-02,2300,,1800
2020-07-31,1750,2100,
2020-07-30,1900,,1800
2020-07-30,2100,2400,
2020-07-29,2700,2900,
2020-07-28,2600,,2000
2020-07-26,2300,3500,
2020-07-25,2600,,1900
2020-07-25,2100,3000,
2020-07-24,2400,,2100
2020-07-23,2400,2000,
2020-07-22,2400,,2000
2020-07-21,2100,2800,
2020-07-20,2300,,2100
2020-07-20,2100,2900,
2020-07-19,2300,,1800
2020-07-17,2100,,1700
2020-07-13,2400,3300,
2020-07-12,2500,,1800
2020-07-09,2400,3000,
2020-07-08,2400,,1900
2020-07-07,2100,2700,
2020-07-06,2400,,2000
2020-07-05,2000,2200,
2020-07-04,2000,,2100
2020-07-03,2000,2100,
2020-07-02,2100,,2000
2020-07-01,2550,,2000
2020-06-29,2000,2000,
2020-06-28,2100,,2000
2020-06-27,2200,2500,
2020-06-26,2400,,2100
2020-06-24,2100,2700,
2020-06-23,2300,,1900
2020-06-20,2500,2700,
2020-06-19,2500,,1900
2020-06-16,2100,1900,
2020-06-16,2200,2600,
2020-06-15,2300,,2000
2020-06-12,2500,,2200
2020-06-12,2400,2800,
2020-06-11,2400,,1900
2020-06-10,2300,2400,
2020-06-09,2400,,2000
2020-06-08,2200,2400,
2020-06-07,2200,,1900
2020-06-05,2300,2400,
2020-06-04,2300,,2000
2020-06-04,2200,2400,
2020-06-03,2300,,2000
2020-06-01,2200,2700,
2020-05-31,2300,,1900
2020-05-30,2000,2500,
2020-05-28,2000,2200,
2020-05-27,2200,,1800
2020-05-27,2000,1900,
2020-05-26,2300,,1900
2020-05-25,2600,2800,
2020-05-23,2500,,2300
2020-05-22,2500,,2300
2020-05-20,2200,2100,
2020-05-19,2500,,2200
2020-05-18,2200,2500,
2020-05-17,2400,,2000
2020-05-16,1900,1900,
2020-05-15,1900,,1900
2020-05-14,2400,,2200
2020-05-11,2000,2700,
2020-05-10,2300,,1700
2020-05-10,2000,2600,
2020-05-09,2300,,1800
2020-05-06,2400,2700,
2020-05-03,2200,2800,
2020-05-02,2600,,2200
2020-05-01,2600,3100,
2020-04-30,2600,,2300
2020-04-30,2500,2500,
2020-04-29,2600,,2300
2020-04-27,2300,2900,
2020-04-26,2700,,2000
2020-04-26,2300,2300,
2020-04-25,2500,,2200
2020-04-23,2300,2800,
2020-04-22,2500,,2100
2020-04-21,2200,2600,
2020-04-19,2200,2600,
2020-02-14,2500,,2200
2020-02-13,2200,,2000
2020-02-11,2100,,2000
2020-02-10,2400,,2200
2020-02-09,2700,,2000
2020-02-05,2600,,2800
2020-02-03,2600,3200,
2020-02-02,2800,,2400
2020-02-01,2800,,2600
2020-01-30,2600,3300,
2020-01-29,3000,,2600
2020-01-26,2600,,2000
2020-01-25,2700,,2300
2020-01-25,2300,2600,
2020-01-24,2400,,2200
2020-01-23,2600,,2300
2020-01-22,2600,,2100
2020-01-21,2400,2800,
2020-01-19,2600,,2200
2020-01-18,2600,,2100
2020-01-18,2200,2100,
2020-01-17,2500,,2300
2020-01-16,2600,3300,
2020-01-14,2400,3000,
2020-01-13,2600,,2400
2020-01-13,2600,3200,
2020-01-12,3100,,2600
2020-01-12,2600,2950,
2020-01-11,3000,,2600
2020-01-09,2500,2900,
2020-01-08,2800,,2700
2020-01-08,2600,3300,
2020-01-07,3000,,2300
2020-01-05,2500,,2200
2020-01-05,2400,2500,
2020-01-04,2600,,2200
2020-01-04,2600,2500,
2020-01-03,2600,,2200
2020-01-02,2600,,2500
2020-01-02,2300,3300,
2020-01-01,2700,,2100
2019-12-31,2600,3100,
2019-12-30,2600,,2400
2019-12-30,2300,3000,
2019-12-29,2800,,2200
2019-12-27,2400,3200,
2019-12-26,2700,,2200
2019-12-25,2700,,2200
2019-12-23,2200,3200,
2019-12-22,2600,3300,
2019-12-21,2500,,2100
2019-12-20,2400,2800,
2019-12-19,2500,,2200
2019-12-18,2600,,2300
2019-12-17,2700,,2300
2019-12-17,2400,3300,
2019-12-16,2900,,2200
2019-12-16,2300,3200,
2019-12-13,2300,2400,
2019-12-12,2400,,2300
2019-12-12,2300,2500,
2019-12-11,2400,,2100
2019-12-10,2200,2800,
2019-12-09,2400,,1900
2019-12-08,2100,2400,
2019-12-07,2500,,1900
2019-12-07,2000,2200,
2019-12-06,2300,,2100
2019-12-05,2600,,2200
2019-12-06,2400,2900,
2019-12-03,2000,2200,
2019-12-02,2300,,2100
2019-12-02,2300,2500,
2019-12-01,2400,,1900
2019-12-01,2200,2800,
2019-11-30,2500,,1900
2019-11-30,2100,2200,
2019-11-29,2200,,2000
2019-11-29,2100,2300,
2019-11-29,2400,,1900
2019-11-28,2400,2800,
2019-11-27,2300,,1700
2019-11-27,2100,2400,
2019-11-26,2400,,1900
2019-11-26,2000,2500,
2019-11-25,2000,,2200
2019-11-25,1900,2300,
2019-11-24,2100,,1800
2019-11-24,2100,2800,
2019-11-22,2700,,2000
2019-11-22,2000,2600,
2019-11-21,2300,,1900
2019-11-21,1900,2300,
2019-11-20,2100,,1800
2019-11-20,1900,2300,
2019-11-19,2200,,1800
2019-11-18,2100,2500,
2019-11-17,2300,,1900
2019-11-17,1900,2400,
2019-11-16,2000,,1900
2019-11-16,2000,2100,
2019-11-15,2300,,1800
2019-11-15,2200,2200,
2019-11-14,2200,,1800
2019-11-13,2400,,1900
2019-11-12,2400,,1900
2019-11-11,2500,,2300
2019-11-11,2400,2900,
2019-11-10,2900,,2200
2019-11-10,2400,2400,
2019-11-09,2500,,2200
2019-11-08,2500,,2200
2019-11-08,2500,,2200
2019-11-06,2500,3200,
2019-11-05,3000,,2200
2019-11-05,2300,2800,
2019-11-04,2600,,2300
2019-11-04,2400,3200,
2019-11-03,2300,3000,
2019-11-02,2600,,2300
2019-11-02,2400,2800,
2019-11-01,2600,,2220
2019-11-01,2400,2900,
2019-10-31,2900,,2200
2019-10-31,2600,3000,
2019-10-30,2700,,2300
2019-10-30,2500,3300,
2019-10-29,2600,,2300
2019-10-29,2400,3300,
2019-10-28,2600,,2300
2019-10-28,2400,3100,
2019-10-27,2700,,2200
2019-10-27,2300,3100,
2019-10-26,2400,2900,
2019-10-25,2700,,2200
2019-10-24,2500,,2200
2019-10-24,2300,2900,
2019-10-23,2300,2500,
2019-10-22,2600,,2200
2019-10-21,2200,,1900
2019-10-21,2200,2400,
2019-10-20,2250,,2100
2019-10-20,2400,2700,
2019-10-19,2600,,2200
2019-10-17,2500,3000,
2019-10-16,2700,,2300
2019-10-15,2600,,2200
2019-10-15,2400,2800,
2019-10-13,2300,3000,
2019-10-12,2300,2950,
2019-10-11,2700,,2200
2019-10-11,2200,2300,
2019-10-09,2100,,2000
2019-10-08,2500,,2200
2019-10-08,2400,2800,
2019-10-07,2400,,2200
2019-10-07,2400,2600,
2019-10-06,2500,,2200
2019-10-06,2200,3000,
2019-10-05,2200,2800,
2019-10-04,2500,,1900
2019-10-04,2100,2600,
2019-10-03,2500,,1900
2019-10-03,2000,2900,
2019-10-02,2600,,1900
2019-10-02,2000,2800,
2019-10-01,2500,,1800
2019-10-01,2100,2500,
2019-09-30,2200,,1900
2019-09-30,2000,2200,
2019-09-29,2100,,1800
2019-09-29,2000,2400,
2019-09-28,2300,,2000
2019-09-27,2400,,1800
2019-09-26,2000,,1800
2019-09-26,2000,2200,
2019-09-25,1900,,1900
2019-09-24,2300,,1800
2019-09-24,2000,2600,
2019-09-22,2200,2300,
2019-09-21,2400,,1800
2019-09-21,2400,2500,
2019-09-20,2500,,1800
2019-09-19,2400,2600,
2019-09-19,2400,,2200
2019-09-19,2300,2800,
2019-09-18,2600,,2200
2019-09-18,2300,3000,
2019-09-17,2700,,2100
2019-09-17,2200,2900,
2019-09-16,2500,,1700
2019-09-15,2200,2700,
2019-09-15,2500,,1700
2019-09-15,2200,2400,
2019-09-14,2200,,2100
2019-09-14,2100,2300,
2019-09-13,2200,,1900
2019-09-12,2600,,1900
2019-09-12,2100,2500,
2019-09-11,2600,,2000
2019-09-11,2200,2900,
2019-09-10,2500,,1800
2019-09-10,2200,2900,
2019-09-09,2400,,1900
2019-09-08,2100,2800,
2019-09-08,2400,,1800
2019-09-08,2100,2800,
2019-09-07,2300,,2000
2019-09-06,1900,,1600
2019-09-06,1900,1900,
2019-09-05,2000,,1800
2019-09-05,2000,2200,
2019-09-04,2100,,2100
2019-09-03,2100,2500,
2019-09-03,2400,,1900
2019-09-02,2000,,1900
2019-09-02,2100,2500,
2019-09-01,2300,,1900
2019-09-01,2400,2900,
2019-08-31,2500,,2100
2019-08-30,2100,2900,
2019-08-30,2400,,2100
2019-08-30,2100,2500,
2019-08-29,2400,,1900
2019-08-28,2000,2500,
2019-08-28,2100,,1800
2019-08-27,1900,2500,
2019-08-26,2100,,1800
2019-08-26,1800,2200,
2019-08-25,1800,,1800
2019-08-24,1800,2200,
2019-08-24,1900,,1800
2019-08-24,1800,2200,
2019-08-23,2000,,1700
2019-08-23,1900,2200,
2019-08-22,2200,,1800
2019-08-22,1900,2300,
2019-08-21,1900,,1600
2019-08-21,1900,2200,
2019-08-20,2200,,2000
2019-08-19,2100,2400,
2019-08-19,2300,,2000
2019-08-18,2100,2900,
2019-08-17,2400,,1900
2019-08-17,2000,3000,
2019-08-16,2200,,1900
2019-08-15,1800,2500,
2019-08-15,2000,,1600
2019-08-15,1900,1900,
2019-08-14,1800,,1800
2019-08-14,2100,2700,
2019-08-13,2400,,1900
2019-08-13,2200,2900,
2019-08-12,2500,,1800
2019-08-12,2200,2500,
2019-08-11,2500,,1300
2019-08-10,2200,2800,
2019-08-09,2300,,1900
2019-08-09,2200,2800,
2019-08-08,2400,,1800
2019-08-08,2100,2800,
2019-08-07,2300,,1900
2019-08-07,2000,2600,
2019-08-06,2400,,1800
2019-08-06,1900,2100,
2019-08-05,1900,,1500
2019-08-04,1700,,1600
2019-08-04,1800,1800,
2019-08-03,1900,,1800
2019-08-03,2400,3600,
2019-08-02,2500,,1900
2019-08-02,2200,2900,
2019-08-01,2300,,1800
2019-07-31,2100,2800,
2019-07-30,2200,,1900
2019-07-30,2100,2900,
2019-07-29,2400,,1800
2019-07-28,2300,,1900
2019-07-28,2200,2900,
2019-07-27,2400,,2200
2019-07-27,2200,2800,
2019-07-26,2400,,1900
2019-07-25,2400,,1900
2019-07-25,2100,2800,
2019-07-24,2300,,1800
2019-07-24,2100,2800,
2019-07-23,2300,,2100
2019-07-23,2100,2800,
2019-07-22,2200,,1900
2019-07-22,2000,2600,
2019-07-21,2100,,1700
2019-07-21,1950,2700,
2019-07-20,2000,2400,
2019-07-19,2000,,1800
2019-07-19,1900,2400,
2019-07-18,1900,,1600
2019-07-18,1900,2300,
2019-07-17,2000,,1700
2019-07-17,1950,2100,
2019-07-16,2200,,2100
2019-07-16,2200,2500,
2019-07-15,2300,,2000
2019-07-15,2100,2700,
2019-07-14,2200,,1900
2019-07-14,2100,2800,
2019-07-13,2200,,1800
2019-07-13,2100,2600,
2019-07-12,2200,,1800
2019-07-12,2050,2500,
2019-07-11,2300,,1700
2019-07-11,2000,2600,
2019-07-10,2100,,1800
2019-07-10,2000,2500,
2019-07-09,1800,2100,
2019-07-08,1700,,1500
2019-07-08,1800,2100,
2019-07-07,1900,,1700
2019-07-05,2200,,2000
2019-07-05,2200,2600,
2019-07-04,2500,,2000
2019-07-04,2600,3300,
2019-07-03,2200,,2100
2019-07-03,2300,2900,
2019-07-02,2500,,2300
2019-07-02,2400,3100,
2019-07-01,2300,3300,
2019-07-01,2300,3300,
2019-06-30,2600,,2100
2019-06-30,2300,3000,
2019-06-29,2500,,1900
2019-06-29,2300,2900,
2019-06-28,2500,,2200
2019-06-28,2400,2600,
2019-06-27,2500,3300,
2019-06-26,2600,,2100
2019-06-25,2400,,2000
2019-06-25,2300,2850,
2019-06-24,2200,2900,
2019-06-23,2200,,1800
2019-06-23,2100,2800,
2019-06-22,2300,,1900
2019-06-21,2200,,2100
2019-06-21,2200,2600,
2019-06-20,2500,,2000
2019-06-20,2400,2800,
2019-06-18,2300,,1900
2019-06-18,2300,2850,
2019-06-17,2400,2700,
2019-06-16,2400,,2100
2019-06-15,2400,3000,
2019-06-14,2500,,2000
2019-06-14,2400,2900,
2019-06-13,2500,,2100
2019-06-13,2400,2700,
2019-06-12,2400,,2050
2019-06-11,2500,,1900
2019-06-11,2200,2600,
2019-06-10,2100,,1900
2019-06-10,2200,2500,
2019-06-09,2300,,2000
2019-06-09,2300,2800,
2019-06-08,2200,,2150
2019-06-08,2200,2550,
2019-06-07,2300,,1800
2019-06-06,2400,,2100
2019-06-06,1900,2200,
2019-06-05,2200,,1800
2019-06-05,2100,2300,
2019-06-04,2100,,2100
2019-06-03,2500,,2100
2019-06-03,2200,2400,
2019-06-02,2300,,2200
2019-06-02,2300,2900,
2019-06-01,2700,,2300
2019-06-01,2500,2900,
2019-05-31,2600,,2200
2019-05-31,2500,2900,
2019-05-30,2600,,2100
2019-05-30,2300,2600,
2019-05-29,2300,,2100
2019-05-29,2500,3100,
2019-05-28,2300,,2000
2019-05-28,2400,2800,
2019-05-27,2200,,2150
2019-05-27,2200,2500,
2019-05-26,2300,2500,
2019-05-25,2400,,2200
2019-05-25,2400,2500,
2019-05-24,2500,,2200
2019-05-23,2300,2800,
2019-05-22,2600,,2100
2019-05-22,2300,2900,
2019-05-21,2400,2600,
2019-05-20,2600,,2000
2019-05-20,2400,2700,
2019-05-19,2400,,1900
2019-05-19,2100,2300,
2019-05-18,2200,,2000
2019-05-18,2100,2200,
2019-05-17,2100,,2000
2019-05-17,2400,2600,
2019-05-16,2400,,2000
2019-05-16,2200,2400,
2019-05-15,2300,,2100
2019-05-15,2500,2900,
2019-05-14,2600,,2300
2019-05-14,2500,2600,
2019-05-13,2600,,2400
2019-05-13,2500,3000,
2019-05-12,2700,,2300
2019-05-12,2500,3100,
2019-05-11,2700,,2200
2019-05-11,2400,3000,
2019-05-10,2500,,2100
2019-05-10,2400,2900,
2019-05-09,2200,,2000
2019-05-09,2100,2700,
2019-05-08,2500,,2300
2019-05-07,2600,3200,
2019-05-06,2700,,2300
2019-05-06,2600,3000,
2019-05-05,2700,,2400
2019-05-05,2700,3000,
2019-05-04,2700,,2300
2019-05-04,2600,3000,
2019-05-03,2700,,2300
2019-05-03,2500,2800,
2019-05-02,2600,,2300
2019-05-02,2600,3000,
2019-05-01,2500,,2100
2019-04-30,2500,,2200
2019-04-30,2500,3100,
2019-04-29,2700,,2100
2019-04-29,2200,3400,
2019-04-28,2900,,2400
2019-04-27,2700,,2300
2019-04-27,2600,3100,
2019-04-26,2700,,2300
2019-04-26,2600,3200,
2019-04-25,2800,,2300
2019-04-25,2600,3000,
2019-04-24,2600,2900,
2019-04-23,2700,,2300
2019-04-23,2500,2900,
2019-04-22,2800,,2300
2019-04-22,2600,3100,
2019-04-21,2500,,2300
2019-04-21,2500,3100,
2019-04-20,2600,,2400
2019-04-20,2500,2900,
2019-04-19,2600,,2250
2019-04-19,2500,2700,
2019-04-18,2500,,2300
2019-04-18,2500,2900,
2019-04-17,2500,3000,
2019-04-16,2600,,2200
2019-04-16,2500,3000,
2019-04-15,2400,,2200
2019-04-15,2400,2600,
2019-04-14,2600,,2300
2019-04-14,2600,3100,
2019-04-13,2750,,2100
2019-04-13,2500,3100,
2019-04-12,2700,,2200
2019-04-12,2500,2900,
2019-04-11,2500,,2100
2019-04-11,2450,2900,
2019-04-10,2500,,2200
2019-04-09,2500,2900,
2019-04-08,2800,,2500
2019-04-08,2650,3200,
2019-04-07,2900,,2500
2019-04-07,2700,3000,
2019-04-06,2900,2500,
2019-04-06,2700,3400,
2019-04-05,2800,,2300
2019-04-05,2110,3300,
2019-04-04,2700,,2200
2019-04-04,2500,3000,
2019-04-02,2700,,2100
2019-04-02,2300,3000,
2019-04-01,2500,,2100
2019-04-01,2400,2900,
2019-03-31,2600,,2100
2019-03-31,2400,2800,
2019-03-30,2500,,2100
2019-03-30,2300,2700,
2019-03-29,2300,,2000
2019-03-28,2200,2600,
2019-03-28,2500,,2350
2019-03-28,2600,3000,
2019-03-27,2800,,2200
2019-03-27,2500,3000,
2019-03-26,2800,,2300
2019-03-26,2600,3200,
2019-03-25,2700,,2300
2019-03-25,2600,3000,
2019-03-24,2800,,2300
2019-03-22,2600,,2200
2019-03-22,2300,2600,
2019-03-21,2500,,2400
2019-03-21,2500,3000,
2019-03-20,2600,,2400
2019-03-20,2900,3300,
2019-03-19,3000,,2600
2019-03-19,2700,3200,
2019-03-18,2800,,2400
2019-03-18,2800,3200,
2019-03-17,2600,3000,
2019-03-16,2800,,2400
2019-03-15,2900,,2600
2019-03-15,2600,3100,
2019-03-14,2700,,2600
2019-03-13,2800,,2450
2019-03-13,2550,2900,
2019-03-12,2700,,2400
2019-03-12,2700,2900,
2019-03-11,2600,,2400
2019-03-11,2600,3200,
2019-03-10,2850,,2500
2019-03-10,2600,3300,
2019-03-09,2900,,2700
2019-03-09,2650,3400,
2019-03-08,2800,,2400
2019-03-08,2750,2900,
2019-03-08,2600,3400,
2019-03-07,2850,,2400
2019-03-07,2600,3300,
2019-03-06,2700,,2300
2019-03-06,2700,3200,
2019-03-05,2700,,2300
2019-03-05,2800,2800,
2019-03-04,2700,,2200
2019-03-03,2700,,2400
2019-03-03,2600,2800,
2019-03-02,2600,,3000
2019-03-02,2600,3000,
2019-03-01,2700,,2500
2019-03-01,2600,2900,
2019-02-28,2700,,2500
2019-02-28,2600,2900,
2019-02-27,2800,,2300
2019-02-27,2500,2300,
2019-02-26,2700,,2300
2019-02-26,2400,3500,
2019-02-25,3000,,2600
2019-02-24,2800,3200,
2019-02-23,2800,,2400
2019-02-23,2600,2600,
2019-02-22,2500,2900,
2019-02-21,2700,,2400
2019-02-21,2600,3200,
2019-02-20,2700,,2300
2019-02-20,2500,2900,
2019-02-19,2700,,2300
2019-02-19,2500,2400,
2019-02-18,2600,,2500
2019-02-18,2500,2900,
2019-02-17,2700,,2300
2019-02-17,2500,3000,
2019-02-16,2400,,2200
2019-02-16,2400,2800,
2019-02-15,2600,,2300
2019-02-15,2400,2400,
2019-02-14,2600,,2500
2019-02-14,2400,2500,
2019-02-13,2400,,2300
2019-02-13,2800,3150,
2019-02-13,2600,3000,
2019-02-12,2600,,2600
2019-02-12,2700,3400,
2019-02-11,2900,,2600
2019-02-11,2600,2600,
2019-02-10,2900,,2500
2019-02-10,2600,3200,
2019-02-09,2900,,2300
2019-02-09,2500,3100,
2019-02-08,2700,,2300
2019-02-07,2300,,2000
2019-02-07,2400,2400,
2019-02-06,2400,,2200
2019-02-06,2500,2600,
2019-02-05,2200,,2100
2019-02-05,2400,2500,
2019-02-04,2400,,2300
2019-02-04,2700,2900,
2019-02-03,2800,,2600
2019-02-03,2500,3300,
2019-02-02,3200,,2600
2019-02-02,2500,3200,
2019-02-01,3000,,2600
2019-02-01,2700,3200,
2019-01-31,3000,,2600
2019-01-31,2800,3500,
2019-01-30,3000,,2600
2019-01-30,2600,3400,
2019-01-29,3000,,2700
2019-01-29,2500,3500,
2019-01-28,3000,,2600
2019-01-28,2700,3500,
2019-01-27,3000,,2400
2019-01-27,2700,3300,
2019-01-26,2700,,2200
2019-01-26,2200,3300,
2019-01-25,2900,,2600
2019-01-25,2900,3500,
2019-01-24,3100,,2600
2019-01-24,2800,3400,
2019-01-23,2900,,2600
2019-01-23,2800,3200,
2019-01-22,3200,,2600
2019-01-22,2900,3800,
2019-01-21,3300,,2600
2019-01-20,2900,,2600
2019-01-20,2700,3500,
2019-01-19,2700,,2300
2019-01-19,2500,2900,
2019-01-18,2800,,2300
2019-01-18,2500,3600,
2019-01-17,3100,,2300
2019-01-17,2700,3000,
2019-01-16,2800,,2300
2019-01-16,2300,3100,
2019-01-15,2600,,2100
2019-01-15,2300,3200,
2019-01-14,2400,3200,
2019-01-13,2700,,2100
2019-01-13,2500,2900,
2019-01-12,2600,,2200
2019-01-12,2300,3200,
2019-01-11,2700,,2000
2019-01-11,2200,3400,
2019-01-10,2800,,2100
2019-01-10,2300,3300,
2019-01-09,2800,,2200
2019-01-08,2900,,2500
2019-01-08,2800,3600,
2019-01-07,3000,,2400
2019-01-07,2600,3300,
2019-01-06,2900,,2300
2019-01-06,2500,3100,
2019-01-05,2700,,2500
2019-01-04,3100,,2500
2019-01-03,2600,3200,
2019-01-02,2900,,2400
2019-01-02,2600,3500,
2019-01-01,3000,,2400
2019-01-01,2800,2800,
2018-12-31,2900,,2300
2018-12-31,2600,3300,
2018-12-30,2800,,2300
2018-12-30,2500,3000,
2018-12-29,2500,3200,
2018-12-28,2700,,2300
2018-12-28,2400,2900,
2018-12-27,2900,,2300
2018-12-27,2400,2600,
2018-12-26,2500,,2300
2018-12-26,2700,2800,
2018-12-25,2600,,2300
2018-12-25,2600,3200,
2018-12-24,2900,,2800
2018-12-24,2900,3200,
2018-12-23,2700,3400,
2018-12-22,2900,,2500
2018-12-22,2500,2900,
2018-12-21,2900,,2500
2018-12-21,2600,3300,
2018-12-20,2900,,2300
2018-12-20,2600,2900,
2018-12-19,2700,,2600
2018-12-19,2600,3200,
2018-12-18,2800,,2300
2018-12-18,2400,3200,
2018-12-17,3000,,2200
2018-12-17,2500,3100,
2018-12-16,2800,,2300
2018-12-16,2500,3100,
2018-12-15,2800,,2200
2018-12-15,2300,3100,
2018-12-14,2800,,2300
2018-12-14,2300,3200,
2018-12-13,2900,,2300
2018-12-13,2400,3100,
2018-12-12,2800,,2300
2018-12-12,2300,2900,
2018-12-11,2300,2900,
2018-12-10,2600,,1800
2018-12-10,2200,2700,
2018-12-09,2300,,1800
2018-12-09,2100,2200,
2018-12-08,2000,,1800
2018-12-08,2100,2500,
2018-12-07,2010,,1800
2018-12-07,2400,2800,
2018-12-06,2500,,2200
2018-12-06,2400,2900,
2018-12-05,2900,,2300
2018-12-05,2700,2900,
2018-12-04,2700,,2100
2018-12-04,2400,2500,
2018-12-03,2400,,2200
2018-12-03,2300,2600,
2018-12-02,2400,,2200
2018-12-02,2300,2600,
2018-12-01,2400,,2300
2018-12-01,2500,2800,
2018-11-30,2500,,2200
2018-11-30,2300,2900,
2018-11-29,2300,,1900
2018-11-29,2200,2600,
2018-11-28,2100,,2000
2018-11-28,2100,2400,
2018-11-27,2100,,1800
2018-11-27,2000,2000,
2018-11-26,2160,,1800
2018-11-26,2600,,1900
2018-11-26,2300,2900,
2018-11-25,2500,,2300
2018-11-24,2400,,2100
2018-11-24,2300,2800,
2018-11-23,2600,,2300
2018-11-23,2500,2900,
2018-11-22,2400,,1900
2018-11-22,2100,2400,
2018-11-21,2000,,1800
2018-11-20,1900,,1800
2018-11-20,2000,2100,
2018-11-19,2200,,2000
2018-11-18,2500,,1900
2018-11-18,2700,2800,
2018-11-17,2300,,2100
2018-11-17,2100,2300,
2018-11-16,2100,,2100
2018-11-16,2300,2900,
2018-11-15,2900,,2100
2018-11-15,2100,2900,
2018-11-14,2600,,1900
2018-11-14,2100,2900,
2018-11-13,2500,,2100
2018-11-13,2000,2900,
2018-11-12,2500,,1800
2018-11-12,2000,2800,
2018-11-11,2400,,1800
2018-11-11,2000,2800,
2018-11-10,2300,,1900
2018-11-10,1900,2100,
2018-11-09,1900,,1800
2018-11-09,2000,2000,
2018-11-08,2100,,2100
2018-11-08,2200,3000,
2018-11-07,2300,,1900
2018-11-07,2100,2900,
2018-11-06,2200,,2000
2018-11-06,2300,2500,
2018-11-05,2300,,2100
2018-11-05,2200,2500,
2018-11-04,2300,,2200
2018-11-04,2400,3200,
2018-11-03,2700,,2700
2018-11-02,2300,,2100
2018-11-02,2200,2500,
2018-11-01,2600,,2400
2018-10-31,2700,,1900
2018-10-31,2100,2800,
2018-10-30,2500,,2100
2018-10-30,2100,2400,
2018-10-29,2200,,1950
2018-10-29,2000,2500,
2018-10-28,2400,2900,
2018-10-27,2300,,2200
2018-10-27,2200,2500,
2018-10-26,2600,,2100
2018-10-26,2200,2200,
2018-10-25,2300,,2100
2018-10-25,2200,2500,
2018-10-24,2400,,2200
2018-10-24,2400,2900,
2018-10-23,2700,,1900
2018-10-23,2100,2800,
2018-10-22,2500,,2100
2018-10-21,2000,,1600
2018-10-21,2000,2500,
2018-10-20,2300,,1900
2018-10-20,2200,2500,
2018-10-19,2400,,2200
2018-10-18,2400,,2200
2018-10-18,2200,2800,
2018-10-17,2400,,2200
2018-10-17,2300,2500,
2018-10-16,2200,,1900
2018-10-16,2000,2500,
2018-10-15,2300,,2000
2018-10-15,2200,2400,
2018-10-14,2500,,2300
2018-10-14,2300,3000,
2018-10-13,2900,,2200
2018-10-13,2300,2900,
2018-10-12,2400,2100,
2018-10-12,2400,2800,
2018-10-11,2400,,2300
2018-10-11,2300,2900,
2018-10-10,2700,,2200
2018-10-10,2200,2400,
2018-10-09,2300,,2100
2018-10-09,2200,2200,
2018-10-08,2200,,2000
2018-10-08,2100,2600,
2018-10-07,2400,,1800
2018-10-07,1900,2100,
2018-10-06,2100,,1900
2018-10-06,2000,2400,
2018-10-05,2100,,1900
2018-10-05,2400,2500,
2018-10-04,2500,,2300
2018-10-04,2400,3000,
2018-10-03,2500,,2300
2018-10-03,2400,2900,
2018-10-02,2900,,2300
2018-10-02,2300,2600,
2018-10-01,2500,,2300
2018-10-01,2400,3200,
2018-09-30,2500,,2200
2018-09-30,2400,3000,
2018-09-29,2300,2500,
2018-09-28,2400,,2300
2018-09-28,2300,3200,
2018-09-27,2600,,2200
2018-09-27,2400,3000,
2018-09-26,2700,,2200
2018-09-26,2300,3000,
2018-09-25,2500,,2200
2018-09-25,2300,2900,
2018-09-24,2900,,2300
2018-09-24,2200,2900,
2018-09-23,2200,2800,
2018-09-23,2200,2800,
2018-09-23,2400,,2000
2018-09-22,2400,,2000
2018-09-22,2300,2300,
2018-09-21,2300,,2200
2018-09-21,2200,2500,
2018-09-20,2500,,2300
2018-09-20,2400,3000,
2018-09-19,2800,,2200
2018-09-19,2200,2800,
2018-09-18,2300,,1900
2018-09-18,2000,2200,
2018-09-17,2400,,1800
2018-09-17,2100,2400,
2018-09-16,2100,,1900
2018-09-16,2100,2400,
2018-09-15,2300,,1900
2018-09-15,2100,2500,
2018-09-14,2400,,1800
2018-09-14,2000,2600,
2018-09-13,2400,,1800
2018-09-13,2100,2300,
2018-09-12,2500,,1900
2018-09-12,2000,2500,
2018-09-11,2200,,2000
2018-09-11,2000,2600,
2018-09-10,2500,,1900
2018-09-10,2000,2900,
2018-09-09,2400,,1900
2018-09-09,2000,2800,
2018-09-08,2300,,1700
2018-09-08,1900,2600,
2018-09-07,2300,,1700
2018-09-07,1900,2400,
2018-09-06,2000,,1800
2018-09-06,1900,2200,
2018-09-05,2000,,1900
2018-09-05,2000,2200,
2018-09-05,2000,2200,
2018-09-04,2000,,1800
2018-09-04,2200,2600,
2018-09-03,2200,,1900
2018-09-03,2100,2900,
2018-09-02,2300,,1900
2018-09-02,2100,2500,
2018-09-01,2500,,2300
2018-09-01,2200,3000,
2018-08-31,2600,,1900
2018-08-31,2100,2800,
2018-08-30,2400,,1900
2018-08-30,2000,2700,
2018-08-29,2200,,1800
2018-08-29,1800,2400,
2018-08-28,2000,,1700
2018-08-28,1800,1800,
2018-08-27,1800,,1600
2018-08-26,1900,,1900
2018-08-25,2200,2900,
2018-08-24,2600,,2000
2018-08-24,2200,2800,
2018-08-23,2300,,1900
2018-08-22,2100,2600,
2018-08-22,2200,,1900
2018-08-22,2100,2600,
2018-08-21,2400,,1800
2018-08-21,2100,2800,
2018-08-20,2000,2700,
2018-08-19,2200,,1700
2018-08-19,1900,2500,
2018-08-18,2100,,2000
2018-08-18,1900,2200,
2018-08-17,2100,,1900
2018-08-17,2000,2100,
2018-08-16,2100,,1900
2018-08-16,2000,2300,
2018-08-15,2100,,1800
2018-08-15,2000,2500,
2018-08-14,2300,,2150
2018-08-14,1900,2100,
2018-08-13,1900,,1800
2018-08-13,1900,2100,
2018-08-12,2000,,1800
2018-08-11,2000,,1800
2018-08-11,1900,2100,
2018-08-10,2100,,2100
2018-08-10,2200,2600,
2018-08-09,2000,,1800
2018-08-09,2100,2500,
2018-08-08,2300,,1800
2018-08-08,1900,1900,
2018-08-07,1700,,1700
2018-08-07,1700,1900,
2018-08-06,2000,,1800
2018-08-06,2100,2500,
2018-08-05,2300,,1900
2018-08-05,2000,2100,
2018-08-03,2000,,1800
2018-08-03,1800,1900,
2018-08-02,1900,,1700
2018-08-02,1800,2200,
2018-08-01,1900,,1800
2018-08-01,2000,2000,
2018-07-31,2100,,1900
2018-07-31,2100,2400,
2018-07-30,2400,,2200
2018-07-30,2200,3000,
2018-07-29,2500,,2200
2018-07-29,2200,2800,
2018-07-28,2400,,1900
2018-07-28,2200,2900,
2018-07-27,2300,,1800
2018-07-26,2300,,1900
2018-07-26,2300,2700,
2018-07-25,2300,,1900
2018-07-25,2100,2900,
2018-07-24,2600,,1900
2018-07-24,2300,2800,
2018-07-23,2500,,1900
2018-07-23,2200,2500,
2018-07-22,2300,,1800
2018-07-22,2300,2300,
2018-07-21,2500,,1900
2018-07-21,2200,2900,
2018-07-20,2400,,1900
2018-07-19,2500,,1900
2018-07-19,2200,2800,
2018-07-18,2300,,1900
2018-07-18,2100,2500,
2018-07-17,2400,2000,
2018-07-17,2200,3000,
2018-07-16,2400,,2000
2018-07-16,2200,2700,
2018-07-15,2100,,1900
2018-07-15,2100,2500,
2018-07-14,2200,,1800
2018-07-14,2000,2500,
2018-07-13,2100,,2300
2018-07-13,1900,2100,
2018-07-12,1900,,1750
2018-07-12,1900,2100,
2018-07-11,1800,1700,
2018-07-11,1800,1800,
2018-07-10,2000,,1800
2018-07-09,2500,2800,
2018-07-08,2300,,1950
2018-07-08,2200,2500,
2018-07-07,2300,,1900
2018-07-07,2300,2500,
2018-07-06,2400,,2000
2018-07-06,2200,2500,
2018-07-05,2200,,2100
2018-07-06,2100,2500,
2018-07-04,2100,,1900
2018-07-04,2250,2500,
2018-07-03,2400,,2000
2018-07-08,2300,2700,
2018-07-02,2200,,1900
2018-07-02,2100,2300,
2018-07-01,2200,,1900
2018-07-01,2200,2800,
2018-06-30,2400,,1800
2018-06-28,2300,,1900
2018-06-28,2200,2400,
2018-06-27,2200,,2000
2018-06-27,2400,3100,
2018-06-26,2400,,1950
2018-06-26,2100,2600,
2018-06-25,2250,,2100
2018-06-25,2300,2800,
2018-06-24,2200,,2100
2018-06-24,2250,2600,
2018-06-23,2400,,2000
2018-06-23,2200,2800,
2018-06-22,2300,,2150
2018-06-21,2200,,2000
2018-06-21,2100,2500,
2018-06-20,2300,,2100
2018-06-20,2000,2500,
2018-06-19,2100,,1850
2018-06-19,2000,2200,
2018-06-18,1900,,1800
2018-06-18,2000,2400,
2018-06-17,2100,,1900
2018-06-17,1900,2000,
2018-06-16,2100,,2100
2018-06-16,2000,1900,
2018-06-15,1900,,1700
2018-06-15,1800,2000,
2018-06-14,2000,,1950
2018-06-14,2300,2800,
2018-06-13,2400,,2200
2018-06-12,2500,,2000
2018-06-12,2200,2550,
2018-06-11,2200,,1900
2018-06-10,2300,,2200
2018-06-10,2100,2350,
2018-06-09,2000,,1800
2018-06-09,2000,2100,
2018-06-08,2200,,2000
2018-06-08,2200,,2000
2018-06-07,2000,,2000
2018-06-07,2100,2500,
2018-06-06,2300,,1800
2018-06-06,1900,2200,
2018-06-05,2100,,1800
2018-06-05,1900,2100,
2018-06-04,1900,,2200
2018-06-04,2000,2400,
2018-06-03,2300,,2100
2018-06-03,2300,3100,
2018-06-02,2500,,1900
2018-06-02,2200,2900,
2018-06-01,2500,,2100
2018-06-01,2100,2800,
2018-05-31,2300,,1900
2018-05-31,2100,2400,
2018-05-30,2300,,2200
2018-05-30,2100,2700,
2018-05-29,2500,,2100
2018-05-29,2100,2600,
2018-05-28,2300,,1850
2018-05-28,2100,2600,
2018-05-27,2400,,1800
2018-05-27,2200,2800,
2018-05-26,2250,,2100
2018-05-26,2100,2700,
2018-05-25,2200,,1700
2018-05-25,2100,2500,
2018-05-24,2200,,1900
2018-05-24,2100,2200,
2018-05-23,2100,,2200
2018-05-23,2100,2600,
2018-05-22,2400,,1400
2018-05-22,1900,2500,
2018-05-21,2100,,1800
2018-05-21,2000,2200,
2018-05-20,2200,,1800
2018-05-20,2100,2900,
2018-05-19,2600,,2200
2018-05-18,2500,,2100
2018-05-18,2100,2400,
2018-05-17,2200,,1900
2018-05-17,2300,2900,
2018-05-16,2300,2700,
2018-05-15,2400,,2100
2018-05-15,2300,2600,
2018-05-14,2300,,1900
2018-05-14,2200,2400,
2018-05-13,2300,,1800
2018-05-12,2600,,1900
2018-05-12,2100,2800,
2018-05-11,2500,,2100
2018-05-11,2100,2800,
2018-05-10,2400,,1800
2018-05-10,2100,2800,
2018-05-09,2500,,2100
2018-05-08,2200,,2000
2018-05-08,2300,2800,
2018-05-07,2500,,2200
2018-05-07,2300,2700,
2018-05-06,2400,,1900
2018-05-06,2200,2800,
2018-05-05,2600,,1900
2018-05-04,2100,2700,
2018-05-03,2200,,1900
2018-05-03,2200,2500,
2018-05-02,2200,2600,
2018-05-01,2500,,2300
2018-05-01,2200,2700,
2018-04-30,2500,,1800
2018-04-30,2100,2900,
2018-04-29,2500,,2100
2018-04-29,2200,3000,
2018-04-28,2600,,1900
2018-04-28,2300,2800,
2018-04-27,2600,,2300
2018-04-27,2200,2600,
2018-04-26,2500,,1900
2018-04-26,2300,2900,
2018-04-25,2500,,2000
2018-04-25,2200,2800,
2018-04-24,2600,1900,
2018-04-24,2300,2600,
2018-04-23,2100,2900,
2018-04-22,2400,,1960
2018-04-22,2300,2600,
2018-04-21,2300,,2200
2018-04-21,2300,2700,
2018-04-20,2500,,2100
2018-04-20,2100,2800,
2018-04-19,2500,,1800
2018-04-19,2200,2700,
2018-04-18,2400,,1800
2018-04-17,2400,,1900
2018-04-17,2000,2500,
2018-04-16,2400,,2000
2018-04-16,2100,2400,
2018-04-15,2300,,2300
2018-04-15,2400,2600,
2018-04-14,2500,,2200
2018-04-13,2800,,2200
2018-04-13,2400,3100,
2018-04-12,2500,3100,
2018-04-11,2700,,2200
2018-04-10,2700,,2200
2018-04-10,2500,3000,
2018-04-09,2700,,2200
2018-04-09,2500,3200,
2018-04-08,2600,,2200
2018-04-07,2550,,2270
2018-04-07,2400,2400,
2018-04-06,2600,,2200
2018-04-06,2500,3000,
2018-04-05,2700,,2300
2018-04-05,2400,2800,
2018-04-04,2500,,2200
2018-04-04,2500,3000,
2018-04-03,2700,,2300
2018-04-02,,,2300
2018-04-02,2400,3100,
2018-04-01,2800,,2200
2018-04-01,2400,3100,
2018-03-31,2600,,2200
2018-03-31,2500,3100,
2018-03-30,2600,,2200
2018-03-30,2500,3100,
2018-03-29,2800,,2200
2018-03-29,2500,3100,
2018-03-28,2700,,2200
2018-03-28,2500,3200,
2018-03-27,2600,,2200
2018-03-27,2500,3300,
2018-03-26,2900,,2300
2018-03-26,2400,3300,
2018-03-25,2700,,2200
2018-03-25,2500,3200,
2018-03-24,2900,,2300
2018-03-24,2500,3200,
2018-03-23,2700,,2200
2018-03-23,2500,2600,
2018-03-22,2400,,2400
2018-03-22,2400,2900,
2018-03-21,2800,,2400
2018-03-21,2700,3000,
2018-03-20,3000,,2600
2018-03-20,2700,3400,
2018-03-19,2700,,2300
2018-03-19,2600,3200,
2018-03-18,2700,,2300
2018-03-18,2500,3200,
2018-03-17,2800,,2400
2018-03-17,2600,3000,
2018-03-16,3000,,2600
2018-03-16,2700,3400,
2018-03-15,2700,,2300
2018-03-15,2700,3300,
2018-03-14,2800,,2300
2018-03-14,2600,2900,
2018-03-13,2600,,2400
2018-03-13,2600,3200,
2018-03-12,2900,,2300
2018-03-12,2400,2900,
2018-03-11,2600,,2300
2018-03-11,2500,3200,
2018-03-10,2800,,2300
2018-03-10,2500,2800,
2018-03-09,2600,,2300
2018-03-09,2400,2400,
2018-03-08,2400,,2300
2018-03-08,2700,3400,
2018-03-08,2700,3400,
2018-03-07,2900,,2500
2018-03-07,2600,3200,
2018-03-06,2800,,2600
2018-03-06,2700,3100,
2018-03-05,2900,,2500
2018-03-05,2600,3200,
2018-03-04,2900,,2500
2018-03-04,2600,3200,
2018-03-03,2800,,2600
2018-03-03,2700,3200,
2018-03-02,2800,,2600
2018-03-02,2500,3300,
2018-03-01,2600,,2300
2018-03-01,2500,3100,
2018-02-28,2500,,2300
2018-02-28,2300,2800,
2018-02-27,2500,,2300
2018-02-27,2500,2900,
2018-02-26,2500,,2300
2018-02-26,2500,3100,
2018-02-25,2700,,2200
2018-02-25,2400,2500,
2018-02-24,2300,,2200
2018-02-24,2300,2700,
2018-02-23,2600,,2300
2018-02-23,2500,3000,
2018-02-22,2500,,2200
2018-02-22,2700,3200,
2018-02-21,2900,,2500
2018-02-21,2600,3400,
2018-02-20,2700,,2200
2018-02-20,2300,3400,
2018-02-20,2300,3400,
2018-02-19,2700,,2200
2018-02-18,2600,,2300
2018-02-17,2500,2900,
2018-02-16,2600,,2200
2018-02-16,2400,2800,
2018-02-15,3000,,2550
2018-02-15,2500,,2200
2018-02-15,2500,3100,
2018-02-14,2400,,2200
2018-02-14,2500,3500,
2018-02-13,2700,,2600
2018-02-13,2600,3600,
2018-02-12,2800,,2600
2018-02-12,2700,3400,
2018-02-11,2800,,2550
2018-02-11,2700,3500,
2018-02-10,2600,,2400
2018-02-10,2600,3500,
2018-02-09,2800,,2200
2018-02-09,2500,3000,
2018-02-08,2700,,2300
2018-02-08,2500,2800,
2018-02-07,2500,,2200
2018-02-06,3000,,2000
2018-02-06,2100,2600,
2018-02-05,2400,,2100
2018-02-05,2400,2700,
2018-02-04,2400,,2200
2018-02-03,2300,2900,
2018-02-03,2600,,2200
2018-02-03,2400,2900,
2018-02-02,2600,,2300
2018-02-02,2400,2800,
2018-02-01,2450,,2200
2018-02-01,2400,2800,
2018-01-31,2400,2200,
2018-01-30,2700,3000,
2018-01-28,1290,,2300
2018-01-28,2500,2900,
2018-01-27,2800,,2800
2018-01-27,2500,3500,
2018-01-26,2800,,2900
2018-01-26,2800,2900,
2018-01-25,2800,,2600
2018-01-25,2800,3500,
2018-01-24,2800,,2700
2018-01-23,2800,,2600
2018-01-23,2800,3200,
2018-01-22,2900,,2600
2018-01-22,2700,2900,
2018-01-21,2800,,2900
2018-01-20,2500,,2800
2018-01-20,2600,3300,
2018-01-19,2500,3300,
2018-01-18,2800,,2300
2018-01-18,2500,3200,
2018-01-17,2600,,2300
2018-01-17,2500,2700,
2018-01-16,2900,,2300
2018-01-16,2300,2900,
2018-01-15,2600,,2900
2018-01-15,2500,2700,
2018-01-14,2550,,2700
2018-01-14,2300,2900,
2018-01-13,2300,2800,
2018-01-12,2400,,2200
2018-01-12,2200,2900,
2018-01-11,2800,,2200
2018-01-11,2400,3200,
2018-01-10,2800,,2300
2018-01-10,2400,3100,
2018-01-09,2500,,2400
2018-01-09,2350,2500,
2018-01-08,2300,,2400
2018-01-08,2300,2600,
2018-01-07,2450,,2500
2018-01-06,2400,2800,
2018-01-05,2400,,2000
2018-01-05,2100,3200,
2018-01-04,2400,,2500
2018-01-04,2600,3200,
2018-01-03,2950,,2400
2018-01-02,2600,3100,
2018-01-01,2550,3200,
2017-12-31,2700,,2300
2017-12-31,2400,2400,
2017-12-30,2400,,3200
2017-12-29,2400,3200,
2017-12-28,2650,,2900
2017-12-28,2900,3100,
2017-12-27,2750,,2900
2017-12-27,2500,3100,
2017-12-26,2550,,2200
2017-12-25,2750,,2300
2017-12-24,2450,,1800
,1950,2250,
,2150,2700,
,1850,2050,
,2200,2050,
2017-12-23,1950,,1700
2017-12-23,2050,,1950
2017-12-22,2600,,1900
,2050,2050,
2017-12-25,2300,,1900
,2250,2400,
2017-12-25,2350,,1900
,2000,2900,
,2000,2950,
,2200,3000,
,2100,2200,
,2100,2100,
,2400,2700,
,2300,2900,
,2300,2600,
2017-12-10,2100,2900,
2017-11-10,2800,,2100
2017-12-10,2700,,2100
2017-11-10,2100,2900,
2017-10-10,2000,2900,
2017-10-10,2800,,2200
2017-09-10,2800,,2200
2017-09-10,1900,2600,
2017-08-10,2500,,2100
2017-07-10,2200,,2300
2017-08-10,2100,2300,
2017-07-10,2000,2900,
2017-06-10,2600,,2200
2017-06-10,2600,,2500
2017-06-10,2200,2800,
2017-05-10,2200,2200,
2017-05-10,2300,,2200
2017-04-10,2200,,1800
2017-03-10,2500,3300,
2017-03-10,2200,2000,
2017-04-10,2200,2200,
2017-01-10,2600,,1900
2017-02-10,2100,2700,
2017-02-10,3100,,1900
2017-01-10,2100,2400,
,2100,2400,
,2100,2400,
,1900,2900,
,1900,2900,